ID,#,Species,Form,Event,Gender,Shiny,Ball,Origin Mark,Ability,Nature,OT,TID,Level,Language,Date Met,Touched?,Source,Disclosure,Proof,Location,Box,Notes
20080901,0591,Amoonguss,,ptc-2020-amoonguss,female,TRUE,cherish,galar,Regenerator,Sassy,백종윤,200809,50,KOR,2020/08/09,TRUE,/u/valere1213 [>](https://www.reddit.com/r/pokemontrades/comments/umw91l/comment/i8c3mu4/?utm_source=reddit&utm_medium=web2x&context=3) me,Very slightly touched. Gained a couple of XP only,Farming Proof,HOME,G8[0] R1C1,
22051201,0423,Gastrodon,east,pjcs-2020-gastrodon,female,FALSE,cherish,galar,Storm Drain,Quiet,カ・エール,200822,50,JPN,2020/08/22,TRUE,/u/valere1213 [>](https://www.reddit.com/r/pokemontrades/comments/umw91l/comment/i8c3mu4/?utm_source=reddit&utm_medium=web2x&context=3) me,Very slightly touched. Gained a couple of XP only,Farming Proof,HOME,G8[0] R1C2,
22043001,0025,Pikachu,,kibo-pikachu,male,FALSE,cherish,galar,Static,Brave,KIBO,210101,21,ENG,2021/01/13,FALSE,/u/Egamer20 [>](https://www.reddit.com/r/pokemontrades/comments/lalfzr/comment/glonyko/?utm_source=reddit&utm_medium=web2x&context=3) /u/ShaikhAndBake [>](https://www.reddit.com/r/pokemontrades/comments/lht1wc/comment/gmz5uxc/?utm_source=reddit&utm_medium=web2x&context=3) ChaBoiJish [>](https://www.reddit.com/r/pokemontrades/comments/ufg19z/comment/i6tii2o/?utm_source=reddit&utm_medium=web2x&context=3) me,,Farming Proof,HOME,G8[0] R1C4,
,0025,Pikachu,,singchu,female,FALSE,cherish,galar,Lightning Rod,Sassy,GF,210227,25,CHS,2021/02/28,FALSE,/u/gb_rezende [>](https://www.reddit.com/r/pokemontrades/comments/tcnuq9/lf_swshbdsp_shiny_eggs_and_a_few_things_for_my/i0go2r6/?context=3) me,,None,HOME,G8[0] R1C5,
,0893,Zarude,,international-jungle-zarude,,FALSE,cherish,galar,Leaf Guard,Sassy,Selva,201113,60,SPA,2021/03/12,FALSE,/u/gb_rezende [>](https://www.reddit.com/r/pokemontrades/comments/tcnuq9/lf_swshbdsp_shiny_eggs_and_a_few_things_for_my/i0en71u/?utm_source=share&utm_medium=web2x&context=3) /u/sejin_mb [>](https://reddit.com/r/pokemontrades/comments/ttvdca/lf_events_redeems_shiny_eggs_in_swsh_ft_events/i31xxi6/) me,,None,HOME,G8[0] R1C6,
21053001,0649,Genesect,,scrap-2020-genesect,,FALSE,cherish,galar,Download,Gentle,ゲッチャレ,201120,60,JPN,2021/05/30,FALSE,/u/Gover [>](https://www.reddit.com/r/pokemontrades/comments/nm5naq/ft_scrap_2020_gvm_redemptions_lf_offers/gzr7msf/) /u/ShaikhAndBake [>](https://www.reddit.com/r/pokemontrades/comments/qrcmbh/comment/hk5xc9i/?utm_source=share&utm_medium=web2x&context=3) me,,Video,HOME,G8[0] R2C1,
21053002,0721,Volcanion,,scrap-2020-volcanion,,FALSE,cherish,galar,Water Absorb,Docile,ゲッチャレ,201120,60,JPN,2021/05/30,FALSE,/u/Gover [>](https://www.reddit.com/r/pokemontrades/comments/nm5naq/ft_scrap_2020_gvm_redemptions_lf_offers/gzr7msf/) /u/ShaikhAndBake [>](https://www.reddit.com/r/pokemontrades/comments/qrcmbh/comment/hk5xc9i/?utm_source=share&utm_medium=web2x&context=3) me,,Video,HOME,Living Dex,
21053003,0802,Marshadow,,scrap-2020-marshadow,,FALSE,cherish,galar,Technician,Bashful,ゲッチャレ,201120,60,JPN,2021/05/30,FALSE,/u/Gover [>](https://www.reddit.com/r/pokemontrades/comments/nm5naq/ft_scrap_2020_gvm_redemptions_lf_offers/gzr7msf/) /u/ShaikhAndBake [>](https://www.reddit.com/r/pokemontrades/comments/qrcmbh/comment/hk5xc9i/?utm_source=share&utm_medium=web2x&context=3) me,,Video,HOME,Living Dex,
,0888,Zacian,,shiny-zacian,,TRUE,cherish,galar,Intrepid Sword,Adamant,Lancer,211022,100,ENG,2021/10/23,FALSE,Self-redeemed,,Wonder Card,HOME,G8[0] R2C2,Main profile
22081301,0889,Zamazenta,,shiny-zamazenta,,TRUE,cherish,galar,Dauntless Shield,Adamant,Authur,211022,100,ENG,2021/11/01,FALSE,u/firebird5225 [>](https://www.reddit.com/r/pokemontrades/comments/wmktjw/comment/ik000z3/?utm_source=reddit&utm_medium=web2x&context=3) me,,Video,HOME,G8[4] R3C5,
,0006,Charizard,,leonardo-charizard,male,FALSE,cherish,galar,Solar Power,Timid,Leonardo,211031,100,ITA,2021/10/31,FALSE,Self-redeemed,,Wonder Card,HOME,G8[0] R2C5,
,0251,Celebi,,jungle-celebi,,TRUE,cherish,galar,Natural Cure,Quirky,Jungle,211006,60,ENG,2021/10/07,FALSE,Self-redeemed,,Wonder Card,HOME,G8[0] R2C6,
,0893,Zarude,dada,jungle-zarude-dada,,FALSE,cherish,galar,Leaf Guard,Adamant,Jungle,211006,70,ENG,2021/10/07,FALSE,Self-redeemed,,Wonder Card,HOME,Living Dex,
,0809,Melmetal,,pogo-melmetal,,FALSE,cherish,galar,Iron Fist,Brave,HOME,808809,100,ENG,2021/09/06,FALSE,Self-redeemed,,Wonder Card,HOME,Living Dex,
22092802,0324,Torkoal,,pjcs-2021-torkoal,male,FALSE,cherish,galar,Drought,Bold,クララ,210718,50,ENG,2021/07/19,FALSE,/u/Govul > /u/Evthe420 [>](https://www.reddit.com/r/pokemontrades/comments/xpr3hu/comment/iqc3laz/?utm_source=reddit&utm_medium=web2x&context=3) me,,A-Button,HOME,G8[8] R5C3,
22042002,0839,Coalossal,,wolfe-coalossal,female,FALSE,cherish,galar,Steam Engine,Modest,Wolfe,210813,50,ENG,2021/08/14,FALSE,/u/sejin_mb [>](https://www.reddit.com/r/pokemontrades/comments/u7ut91/comment/i5hr3qj/?utm_source=reddit&utm_medium=web2x&context=3) me,,Wonder Card,HOME,G8[0] R3C1,
21031601,0849,Toxtricity,amped,rock-star-toxtricity,female,TRUE,cherish,galar,Punk Rock,Rash,Rock Star,210219,50,ENG,2021/03/16,FALSE,/u/Theduskwolf > /u/enlightened_pogo [>](https://old.reddit.com/r/pokemontrades/comments/tuik1g/lf_pla_redeems_ft_gen_678_events_codes/i35kok3/) me,,Video,HOME,G8[0] R3C2,
20082301,0233,Porygon2,,players-cup-porygon2,,FALSE,cherish,galar,Download,Sassy,VGC20,200822,50,ENG,2020/08/23,FALSE,/u/MaRcEsEnT [>](https://www.reddit.com/r/pokemontrades/comments/p38ksi/comment/h8qp6hz/?utm_source=share&utm_medium=web2x&context=3) /u/sejin_mb [>](https://www.reddit.com/r/pokemontrades/comments/ua1c7k/comment/i9h9x8u/?utm_source=reddit&utm_medium=web2x&context=3) me,,A-Button,HOME,G8[1] R5C5,
21082201,0474,Porygon-Z,,ptc-2021-porygon-z,,FALSE,cherish,galar,Adaptability,Timid,정상윤,210807,50,KOR,2021/08/22,FALSE,/u/enlightened_pogo [>](https://www.reddit.com/r/pokemontrades/comments/uv8btp/comment/i9lgrk4/?utm_source=reddit&utm_medium=web2x&context=3) me,Save-managed,Video,HOME,G8[1] R5C2,
,0490,Manaphy,,bdsp-manaphy-egg,,FALSE,normal,bdsp,Hydration,Jolly,Matt,495856,1,ENG,2022/01/23,FALSE,Self-redeemed/hatched,,Wonder Card,HOME,G8[1] R5C4,
22022101,0144,Articuno,galar,2022-shiny-galarian-birds-articuno,,TRUE,cherish,galar,Competitive,Brave,Crown,220218,70,ENG,2022/02/21,FALSE,Self-redeemed,,Video,HOME,G8[0] R3C3,Redeemed on Shield
22031401,0145,Zapdos,galar,2022-shiny-galarian-birds-zapdos,,TRUE,cherish,galar,Defiant,Impish,Wild,220311,70,ENG,2022/03/14,FALSE,Self-redeemed,,Video,HOME,G8[0] R3C4,Redeemed on Shield
22041801,0146,Moltres,galar,2022-shiny-galarian-birds-moltres,,TRUE,cherish,galar,Berserk,Careful,Armor,220415,70,ENG,2022/04/19,FALSE,/u/jayhaynes [>](https://www.reddit.com/r/Pokemonexchange/comments/u68q08/comment/i5947b2/) me (pokemonexchange),Offsite questions asked + answered,Video,HOME,G8[0] R3C5,
,0801,Magearna,original,home-magearna,,FALSE,cherish,galar,Soul Heart,Mild,Matt,214685,50,ENG,2021/12/06,FALSE,Self-redeemed,,,HOME,Living Dex,
22031401,0393,Piplup,,pocha-marche-piplup-bdsp,male,FALSE,normal,bdsp,Defiant,Hardy,プロポチャ,220205,15,JPN,2022/03/14,FALSE,Self-redeemed,,Video,HOME,G8[1] R5C6,Redeemed on Shining Pearl (Alt3)
22042001,0393,Piplup,,pocha-marche-piplup-pla,male,FALSE,normal-hisui,arceus,Defiant,Hardy,プロポチャ,220205,15,JPN,2022/04/20,FALSE,Self-redeemed,,Video,HOME,G8[1] R5C1,
23010101,0440,Happiny,,bday-happiny-swsh,female,FALSE,cherish,galar,Friend Guard,Hardy,ポケセン,211101,5,JPN,2023/01/01,FALSE,Self-redeemed,,Video,HOME,G8[10] R4C3,
23010102,0440,Happiny,,bday-happiny-bdsp,female,FALSE,cherish,bdsp,Friend Guard,Hardy,ポケセン,211101,5,JPN,2023/01/01,FALSE,Self-redeemed,,Video,HOME,G8[10] R4C4,
23012903,0440,Happiny,,bday-happiny-pla,female,FALSE,normal-hisui,arceus,Friend Guard,Hardy,ポケセン,211101,5,JPN,2023/01/29,FALSE,Self-redeemed,,Video,HOME,G8[10] R4C5,
22052501,0151,Mew,,floaroma-mew,,FALSE,normal,bdsp,Synchronize,Timid,Matt,495856,1,ENG,2022/05/25,FALSE,Self-redeemed,,Video,HOME,Living Dex,
22052503,0385,Jirachi,,floaroma-jirachi,,FALSE,normal,bdsp,Serene Grace,Jolly,Matt,495856,5,ENG,2022/05/25,FALSE,Self-redeemed,,Video,HOME,Living Dex,Redemption video inadvertently switches to different pokemon while showing summary screens
,0492,Shaymin,,pla-bonus-shaymin,,FALSE,gigaton,arceus,-,Impish,Matt,938084,70,ENG,2022/05/17,FALSE,Self-caught,,None,HOME,Living Dex,
,0491,Darkrai,,pla-bonus-darkrai,,FALSE,gigaton,arceus,-,Rash,Matt,938084,70,ENG,2022/04/28,FALSE,Self-caught,,None,HOME,Living Dex,
22041802,0025,Pikachu,original-cap,swsh-pikachu-cap-original,male,FALSE,normal,galar,Static,Hardy,Ash,201023,25,ENG,2020/10/01,FALSE,/u/jayhaynes [>](https://www.reddit.com/r/Pokemonexchange/comments/u68q08/comment/i5947b2/) me (pokemonexchange),Offsite questions asked + answered,Video,HOME,Living Dex,
22041803,0025,Pikachu,partner-cap,swsh-pikachu-cap-partner,male,FALSE,normal,galar,Static,Hardy,Ash,201023,25,ENG,2020/10/01,FALSE,/u/jayhaynes [>](https://www.reddit.com/r/Pokemonexchange/comments/u68q08/comment/i5947b2/) me (pokemonexchange),Offsite questions asked + answered,Video,HOME,Living Dex,
22041804,0025,Pikachu,hoenn-cap,swsh-pikachu-cap-hoenn,male,FALSE,normal,galar,Static,Hardy,Ash,201023,25,ENG,2020/10/06,FALSE,/u/jayhaynes [>](https://www.reddit.com/r/Pokemonexchange/comments/u68q08/comment/i5947b2/) me (pokemonexchange),Offsite questions asked + answered,Video,HOME,Living Dex,
22041805,0025,Pikachu,sinnoh-cap,swsh-pikachu-cap-sinnoh,male,FALSE,normal,galar,Static,Hardy,Ash,201023,25,ENG,2020/10/06,FALSE,/u/jayhaynes [>](https://www.reddit.com/r/Pokemonexchange/comments/u68q08/comment/i5947b2/) me (pokemonexchange),Offsite questions asked + answered,Video,HOME,Living Dex,
22041806,0025,Pikachu,unova-cap,swsh-pikachu-cap-unova,male,FALSE,normal,galar,Static,Hardy,Ash,201023,25,ENG,2020/11/14,FALSE,/u/jayhaynes [>](https://www.reddit.com/r/Pokemonexchange/comments/u68q08/comment/i5947b2/) me (pokemonexchange),Offsite questions asked + answered,Video,HOME,Living Dex,
22041807,0025,Pikachu,kalos-cap,swsh-pikachu-cap-kalos,male,FALSE,normal,galar,Static,Hardy,Ash,201023,25,ENG,2020/11/14,FALSE,/u/jayhaynes [>](https://www.reddit.com/r/Pokemonexchange/comments/u68q08/comment/i5947b2/) me (pokemonexchange),Offsite questions asked + answered,Video,HOME,Living Dex,
22041808,0025,Pikachu,alola-cap,swsh-pikachu-cap-alola,male,FALSE,normal,galar,Static,Hardy,Ash,201023,25,ENG,2020/11/14,FALSE,/u/jayhaynes [>](https://www.reddit.com/r/Pokemonexchange/comments/u68q08/comment/i5947b2/) me (pokemonexchange),Offsite questions asked + answered,Video,HOME,Living Dex,
22041809,0025,Pikachu,world-cap,swsh-pikachu-cap-world,male,FALSE,normal,galar,Static,Hardy,Ash,201023,25,ENG,2020/11/14,FALSE,/u/jayhaynes [>](https://www.reddit.com/r/Pokemonexchange/comments/u68q08/comment/i5947b2/) me (pokemonexchange),Offsite questions asked + answered,Video,HOME,Living Dex,
22031301,0058,Growlithe,hisui,teresa-roca,male,FALSE,normal-hisui,arceus,Justified,Gentle,Teresa Roca,270222,26,ENG,2022/03/13,FALSE,Self-redeemed,,Video,HOME,G8[1] R1C5,
22041702,0058,Growlithe,hisui,teresa-roca,male,FALSE,normal-hisui,arceus,Justified,Rash,Teresa Roca,270222,26,SPA,2022/04/17,FALSE,Self-redeemed,,Video,HOME,G8[1] R1C6,
22042901,0058,Growlithe,hisui,teresa-roca,male,FALSE,normal-hisui,arceus,Justified,Lax,Teresa Roca,270222,26,FRE,2022/04/29,FALSE,Self-redeemed,,Video,HOME,G8[1] R2C1,
22042902,0058,Growlithe,hisui,teresa-roca,male,FALSE,normal-hisui,arceus,Justified,Bashful,Teresa Roca,270222,26,GER,2022/04/29,FALSE,Self-redeemed,,Video,HOME,G8[1] R2C2,
22042903,0058,Growlithe,hisui,teresa-roca,male,FALSE,normal-hisui,arceus,Justified,Quirky,Teresa Roca,270222,26,ITA,2022/04/29,FALSE,Self-redeemed,,Video,HOME,G8[1] R2C3,
22042201,0882,Dracovish,,marco-vish,,FALSE,cherish,galar,Strong Jaw,Adamant,Marco,220422,50,ITA,2022/04/22,FALSE,Self-redeemed,,Video,HOME,G8[0] R3C6,
22061101,0302,Sableye,,pjcs-2022-sableye,female,FALSE,cherish,galar,Prankster,Careful,コウ,220611,50,JPN,2022/06/11,FALSE,Self-redeemed,,Video,HOME,G8[2] R1C1,
22061114,0861,Grimmsnarl,,ptc-2022-grimmsnarl,male,FALSE,cherish,galar,Prankster,Careful,정원석,220611,50,KOR,2022/06/11,FALSE,Self-redeemed,,Video,HOME,G8[2] R3C2,
22061701,0035,Clefairy,,jirawiwat-clefairy,female,TRUE,cherish,galar,Friend Guard,Bold,Jirawiwat,220618,50,ENG,2022/06/17,FALSE,Self-redeemed,,Video,HOME,G8[2] R5C3,
22062501,0423,Gastrodon,east,eric-gastrodon,female,FALSE,cherish,galar,Storm Drain,Sassy,Eric,220624,50,SPA,2022/06/25,FALSE,Self-redeemed,,Video,HOME,G8[3] R3C2,
22071501,0486,Regigigas,,teni-village-regi,,,,bdsp,Slow Start,Modest,전이마을,220601,100,KOR,2022/07/15,FALSE,Self-redeemed,,Video,HOME,G8[4] R1C3,
22071503,0393,Piplup,,dawn-piplup-bdsp,male,FALSE,normal,bdsp,Torrent,Hardy,빛나,220601,50,KOR,2022/07/15,FALSE,Self-redeemed,,Video,HOME,G8[4] R2C3,
22071504,0393,Piplup,,dawn-piplup-pla,male,FALSE,normal-hisui,arceus,Torrent,Hardy,빛나,220601,50,KOR,2022/07/15,FALSE,Self-redeemed,,Video,HOME,G8[4] R2C4,
22081801,0494,Victini,,victory-victini,,FALSE,cherish,galar,Victory Star,Brave,Victory,220818,50,ENG,2022/08/18,FALSE,Self-redeemed,,Video,HOME,Living Dex,
22081809,0854,Sinistea,,worlds-2022-sinistea,,FALSE,cherish,galar,Cursed Body,Modest,WCS22,220818,50,ENG,2022/08/18,FALSE,u/emil-nhg [>](https://www.reddit.com/r/pokemontrades/comments/wpf7j1/comment/ikgiuvm/?utm_source=reddit&utm_medium=web2x&context=3) me,,Video,HOME,G8[5] R4C4,
22090212,0025,Pikachu,world-cap,25th-film-fest-pikachu,male,FALSE,normal,galar,Static,Hardy,サトシ,970401,80,JPN,2022/09/02,FALSE,Self-redeemed,,Video,HOME,G8[6] R5C2,
22090209,0380,Latias,,25th-film-fest-latias,female,FALSE,cherish,galar,Levitate,Bashful,アルトマーレ,020713,70,JPN,2022/09/02,FALSE,Self-redeemed,,Video,HOME,G8[6] R5C3,
22090210,0385,Jirachi,,25th-film-fest-jirachi,,FALSE,cherish,galar,Serene Grace,Timid,ネガイボシ,030719,70,JPN,2022/09/02,FALSE,Self-redeemed,,Video,HOME,G8[6] R5C4,
22092801,0483,Dialga,,25th-film-fest-dialga,,FALSE,cherish,galar,Telepathy,Bold,アラモス,070714,70,JPN,2022/09/28,FALSE,Self-redeemed,"Proof video has wrong event name (""20th Anniversary Film Fest"" instead of ""25th Anniversary Film Fest"")",Video,HOME,G8[8] R5C2,
22083101,0484,Palkia,,25th-film-fest-palkia,,FALSE,cherish,galar,Telepathy,Hasty,アラモス,070714,70,JPN,2022/08/31,FALSE,u/avs6134 (redeemer) [>](https://www.reddit.com/r/pokemontrades/comments/x20iww/comment/imh7152/?utm_source=reddit&utm_medium=web2x&context=3) me,,Video,HOME,G8[6] R5C6,
22091001,0035,Clefairy,,otsukimi-clefairy-swsh,male,FALSE,moon,galar,Cute Charm,Modest,おつきみ２２,220910,15,JPN,2022/09/10,FALSE,Self-redeemed,,Video,HOME,G8[7] R3C4,
22091003,0035,Clefairy,,otsukimi-clefairy-bdsp,male,FALSE,moon,bdsp,Cute Charm,Modest,おつきみ２２,220910,15,JPN,2022/09/10,FALSE,Self-redeemed,,Video,HOME,G8[7] R3C6,
22091005,0035,Clefairy,,otsukimi-clefairy-pla,male,FALSE,normal-hisui,arceus,Cute Charm,Modest,おつきみ２２,220910,15,JPN,2022/09/10,FALSE,Self-redeemed,,Video,HOME,G8[7] R4C2,
22081201,0882,Dracovish,,ash-vish,,FALSE,normal,galar,Strong Jaw,Naive,サトシ,210108,80,JPN,2022/08/12,FALSE,Self-redeemed,,Video,HOME,G8[4] R2C5,
22082601,0149,Dragonite,,ash-dragonite,female,FALSE,normal,galar,Inner Focus,Jolly,サトシ,200126,80,JPN,2022/08/26,FALSE,Self-redeemed,,Video,HOME,G8[6] R3C4,
22090201,0094,Gengar,,ash-gengar,male,FALSE,normal,galar,Cursed Body,Naughty,サトシ,200308,80,JPN,2022/09/02,FALSE,Self-redeemed,,Video,HOME,G8[7] R1C1,
22091101,0865,Sirfetch'd,,ash-sirfetchd,male,FALSE,normal,galar,Steadfast,Brave,サトシ,200705,80,JPN,2022/09/11,FALSE,Self-redeemed,,Video,HOME,G8[7] R4C4,
22091701,0448,Lucario,,ash-lucario,male,FALSE,normal,galar,Inner Focus,Serious,サトシ,200412,80,JPN,2022/09/17,FALSE,Self-redeemed,,Video,HOME,G8[8] R1C2,
22092402,0649,Genesect,,mythical-2022-genesect,,FALSE,cherish,galar,Download,Timid,Mythical22,220909,60,ENG,2022/09/24,FALSE,Self-redeemed,,Video,HOME,G8[8] R2C1,
22092403,0721,Volcanion,,mythical-2022-volcanion,,FALSE,cherish,galar,Water Absorb,Mild,Mythical22,220909,60,ENG,2022/09/24,FALSE,Self-redeemed,,Video,HOME,G8[8] R2C2,
22092404,0802,Marshadow,,mythical-2022-marshadow,,FALSE,cherish,galar,Technician,Gentle,Mythical22,220909,60,ENG,2022/09/24,FALSE,Self-redeemed,,Video,HOME,G8[8] R2C3,
22092401,0890,Eternatus,,shiny-eternatus,,TRUE,cherish,galar,Pressure,Timid,Galar,221118,100,ENG,2022/09/24,FALSE,Self-redeemed,,Video,HOME,G8[8] R2C4,
