#,Species,Form,Event,Gender,Shiny,Ball,Origin Mark,Ability,Nature,OT,TID,Level,Language,Date Met,Touched?,Source,Disclosure,Proof,Proof ID,Location,Box,Notes
0257,Blaziken,,xy-torchic,male,FALSE,cherish,gen6,Speed Boost,Serious,XY,10123,47,ENG,2013/10/19,TRUE,Self-redeemed,HEAVILY touched (including evolution). Has Pokérus.,Wonder Card,13101901,HOME,G6 R1C1,Redeemed on Pokémon Y
0256,Combusken,,xy-torchic,male,FALSE,cherish,gen6,Speed Boost,Careful,XY,10123,32,ENG,2013/10/19,TRUE,Self-redeemed,HEAVILY touched (including evolution). Has Pokérus.,Wonder Card,13101902,HOME,G6 R1C2,Redeemed on Pokémon X
0375,Metang,,stevens-beldum,,TRUE,cherish,gen6,Clear Body,Brave,Steven,11214,26,ENG,2014/11/30,TRUE,Self-redeemed,HEAVILY touched (including evolution),Wonder Card,14113001,Gen 6 (AS),,Redeemed on Alpha Sapphire
0497,Serperior,,bank-ha-serperior,male,FALSE,cherish,gen6,Contrary,Bold,Present,01225,50,ENG,2015/01/24,FALSE,Self-redeemed,,Wonder Card,15012401,HOME,G6 R1C5,Redeemed on Omega Ruby
0251,Celebi,,20th-anniversary-celebi,,FALSE,cherish,gen6,Natural Cure,Lax,GF,3016,100,ENG,2016/03/06,FALSE,Self-redeemed,,Wonder Card,16030601,HOME,G6 R3C5,
0385,Jirachi,,20th-anniversary-jirachi,,FALSE,cherish,gen6,Serene Grace,Naive,GF,04016,100,ENG,2016/04/16,FALSE,Self-redeemed,,Wonder Card,16041602,HOME,G6 R2C5,Redeemed on Pokemon X
0490,Manaphy,,20th-anniversary-manaphy,,FALSE,cherish,gen6,Hydration,Modest,GF,06016,100,ENG,2016/06/19,FALSE,Self-redeemed,,Wonder Card,16061902,HOME,G6 R2C6,Redeemed on Pokemon X
0492,Shaymin,,20th-anniversary-shaymin,,FALSE,cherish,gen6,Natural Cure,Bashful,GF,07016,100,ENG,2016/07/24,FALSE,Self-redeemed,,Wonder Card,16072402,HOME,G6 R3C1,Redeemed on Pokemon X
0648,Meloetta,,20th-anniversary-meloetta,,FALSE,cherish,gen6,Serene Grace,Impish,GF,12016,100,ENG,2016/12/17,FALSE,Self-redeemed,,Wonder Card,16121702,HOME,G6 R3C2,Redeemed on Pokemon X
0666,Vivillon,fancy,gts-fancy-vivillon,male,FALSE,cherish,gen6,Shield Dust,Jolly,GTS,00108,12,ENG,2014/07/19,FALSE,/u/Cookie_Fusion (redeemer) [>](https://www.reddit.com/r/pokemontrades/comments/2a5zgc/comment/cirt55m/?utm_source=reddit&utm_medium=web2x&context=3) /u/i8m [>](https://www.reddit.com/r/Pokemonexchange/comments/qv6v3n/comment/i9n0o5p/?utm_source=reddit&utm_medium=web2x&context=3) me (pokemonexchange),Offsite questions asked + answered,[Farming Thread](https://www.reddit.com/r/pokemontrades/comments/2a5zgc/comment/cirt55m/?utm_source=reddit&utm_medium=web2x&context=3),22052301 (r3 answers only),X (Gen 6),,
0719,Diancie,,hope-diancie,,FALSE,cherish,gen6,Clear Body,Timid,Hope,07245,50,ENG,2015/12/30,FALSE,/u/raventhefree [>](https://www.reddit.com/r/pokemontrades/comments/3ekybl/comment/ctfw33i/?utm_source=reddit&utm_medium=web2x&context=3) /u/lavaburst14 [>](https://www.reddit.com/r/pokemontrades/comments/3zep7l/comment/cylrlj2/?utm_source=reddit&utm_medium=web2x&context=3) /u/capnsafetypants [>](https://www.reddit.com/r/Pokemonexchange/comments/vp4c2v/comment/iegy08g/?utm_source=reddit&utm_medium=web2x&context=3) me (pokemonexchange),"Offsite questions asked + answered. Incorrect 3DS date. Proof contains an additional user's username (it was originally intended to be redeemed for them), but raventhefree ended up keeping this specific Diancie instead.",Photo Album,22070101,Bank (Gen 6),,31/31/31/31/31/30 IVs
