#,Species,Form,Gender,Ball,Origin Mark,Region,Ability,Nature,OT,TID,Level,Language,Date Met,Notes
19,Rattata,alola,female,normal,alola,Alola,Gluttony,Impish,Matt,130269,3,ENG,2016-11-19,
20,Raticate,alola,female,normal,alola,Alola,Gluttony,Lax,Matt,130269,26,ENG,2023-09-18,
26,Raichu,alola,female,normal,alola,Alola,Surge Surfer,Bashful,Matt,130269,17,ENG,2021-12-05,
27,Sandshrew,alola,male,normal,alola,Alola,Snow Cloak,Serious,Matt,130269,1,ENG,2023-09-22,
28,Sandslash,alola,female,normal,alola,Alola,Snow Cloak,Calm,Matt,130269,44,ENG,2023-09-22,
37,Vulpix,alola,female,normal,alola,Alola,Snow Cloak,Serious,Matt,130269,1,ENG,2023-09-22,
38,Ninetails,alola,female,normal,alola,Alola,Snow Cloak,Rash,Matt,130269,1,ENG,2023-09-22,
50,Diglett,alola,male,normal,alola,Alola,Sand Veil,Lonely,Matt,130269,10,ENG,2016-11-19,
51,Dugtrio,alola,male,normal,alola,Alola,Tangling Hair,Quirky,Matt,130269,41,ENG,2021-10-15,
52,Meowth,alola,female,normal,alola,Alola,Technician,Quirky,Matt,130269,8,ENG,2016-11-19,
52,Meowth,galar,male,normal,galar,Galar,Tough Claws,Quirky,Matt,886459,26,ENG,2021-08-31,
53,Persian,alola,male,normal,alola,Alola,Technician,Naughty,Matt,130269,37,ENG,2021-12-04,
58,Growlithe,hisui,male,normal-hisui,arceus,Hisui,???,Quiet,Matt,938084,42,ENG,2023-09-24,
59,Arcanine,hisui,male,normal-hisui,arceus,Hisui,???,Adamant,Matt,938084,44,ENG,2023-09-24,
74,Geodude,alola,male,normal,alola,Alola,Sturdy,Gentle,Matt,130269,27,ENG,2023-09-22,
75,Graveler,alola,male,normal,alola,Alola,Magnet Pull,Naughty,Matt,130269,29,ENG,2023-09-22,
76,Golem,alola,female,normal,alola,Alola,Magnet Pull,Lonely,Matt,130269,31,ENG,2023-09-22,
77,Ponyta,galar,male,normal,galar,Galar,Run Away,Hasty,Matt,886459,34,ENG,2023-09-30,
78,Rapidash,galar,female,normal,galar,Galar,Pastel Veil,Bold,Matt,886459,40,ENG,2023-09-30,
79,Slowpoke,galar,female,normal,galar,Galar,Gluttony,Gentle,Matt,886459,14,ENG,2021-09-23,
80,Slowbro,galar,female,normal,galar,Galar,Quick Draw,Modest,Matt,886459,14,ENG,2021-09-23,
83,Farfetch'd,galar,female,normal,galar,Galar,Steadfast,Calm,Matt,886459,1,ENG,2021-10-13,
88,Grimer,alola,male,normal,alola,Alola,Gluttony,Bashful,Matt,130269,12,ENG,2016-11-19,
89,Muk,alola,female,normal,alola,Alola,Gluttony,Naive,Matt,130269,38,ENG,2021-12-04,
100,Voltorb,hisui,,normal-hisui,arceus,Hisui,???,Gentle,Matt,938084,62,ENG,2022-03-28,
101,Electrode,hisui,,normal-hisui,arceus,Hisui,???,Sassy,Matt,938084,64,ENG,2023-09-27,
103,Exeggutor,alola,male,normal,alola,Alola,Frisk,Docile,Matt,130269,40,ENG,2023-09-22,
105,Marowak,alola,female,normal,alola,Alola,Cursed Body,Bashful,Matt,130269,28,ENG,2021-12-04,
110,Weezing,galar,male,normal,galar,Galar,Levitate,Hardy,Matt,886459,36,ENG,2021-09-07,
122,Mr. Mime,galar,male,normal,galar,Galar,Vital Spirit,Naive,Matt,886459,45,ENG,2023-09-28,
128,Tauros,paldea-combat-breed,male,normal,paldea,Paldea,Anger Point,Careful,Matt,456206,22,ENG,2022-11-20,
128,Tauros,paldea-blaze-breed,male,normal,paldea,Paldea,Anger Point,Jolly,Matt,456206,29,ENG,2023-01-20,
128,Tauros,paldea-aqua-breed,male,normal,paldea,Paldea,Cud Chew,Quiet,Matt,456206,1,ENG,2023-09-24,
144,Articuno,galar,,timer,galar,Galar,Competitive,Sassy,Matt,886459,70,ENG,2021-11-13,
145,Zapdos,galar,,timer,galar,Galar,Defiant,Sassy,Matt,886459,70,ENG,2021-11-13,
146,Moltres,galar,,timer,galar,Galar,Berserk,Timid,Matt,886459,70,ENG,2021-11-13,
157,Typhlosion,hisui,male,normal-hisui,arceus,Hisui,???,Naive,Matt,938084,36,ENG,2022-04-30,
194,Wooper,paldea,male,normal,paldea,Paldea,Water Absorb,Naughty,Matt,456206,7,ENG,2022-11-27,
199,Slowking,galar,female,normal,galar,Galar,Own Tempo,Calm,Matt,886459,14,ENG,2021-09-23,
211,Qwillfish,hisui,female,normal-hisui,arceus,Hisui,???,Brave,Matt,938084,34,ENG,2022-03-01,
215,Sneasel,hisui,female,normal-hisui,arceus,Hisui,???,Lax,Matt,938084,45,ENG,2022-03-12,
215,Sneasel,hisui,male,normal-hisui,arceus,Hisui,???,Lonely,Matt,938084,60,ENG,2023-03-20,
222,Corsola,galar,male,normal,galar,Galar,Weak Armor,Gentle,Matt,886459,1,ENG,2023-09-30,
252,Treecko,,female,normal,gen6,Kalos,Overgrow,Impish,Matt,44802,1,ENG,2021-09-28,
253,Grovyle,,male,normal,gen6,Kalos,Overgrow,Lonely,Matt,44802,21,ENG,2021-09-28,
254,Sceptile,,male,normal,gen6,Kalos,Overgrow,Sassy,Matt,44802,45,ENG,2021-09-28,
255,Torchic,,female,normal,gen6,Kalos,Speed Boost,Calm,Matt,44802,1,ENG,2021-12-21,
255,Torchic,,male,normal,gen6,Hoenn,Blaze,Serious,Matt,48919,1,ENG,2016-03-06,
256,Combusken,,female,normal,gen6,Kalos,Speed Boost,Bashful,Matt,44802,16,ENG,2021-12-21,
256,Combusken,,male,normal,gen6,Kalos,Speed Boost,Bold,Matt,44802,28,ENG,2021-09-28,
257,Blaziken,,female,normal,gen6,Kalos,Speed Boost,Hardy,Matt,44802,37,ENG,2021-12-21,
257,Blaziken,,male,normal,gen6,Kalos,Speed Boost,Jolly,Matt,44802,36,ENG,2021-09-28,
258,Mudkip,,male,normal,gen6,Kalos,Torrent,Naive,Matt,44802,1,ENG,2021-09-28,
259,Marshtomp,,male,normal,gen6,Kalos,Torrent,Impish,Matt,44802,28,ENG,2021-09-28,
260,Swampert,,male,normal,gen6,Kalos,Torrent,Mild,Matt,44802,36,ENG,2021-09-28,
261,Poochyena,,male,quick,gen6,Hoenn,Run Away,Quiet,Jessica,55476,2,ENG,2015-01-24,
262,Mightyena,,male,normal,gen6,Kalos,Quick Feet,Calm,Matt,44802,35,ENG,2013-11-06,
263,Zigzagoon,,female,normal,gen6,Kalos,Pickup,Sassy,Matt,44802,3,ENG,2013-11-30,
263,Zigzagoon,galar,male,normal,galar,Galar,Pickup,Naive,Matt,886459,19,ENG,2020-03-14,
264,Linoone,,female,normal,gen6,Kalos,Pickup,Timid,Matt,44802,27,ENG,2013-11-30,
264,Linoone,galar,male,normal,galar,Galar,Pickup,Sassy,Matt,886459,40,ENG,2021-10-13,
265,Wurmple,,female,normal,gen6,Hoenn,Shield Dust,???,Matt,48919,2,ENG,2015-01-24,
266,Silcoon,,male,normal,gen6,Hoenn,Shed Skin,Jolly,Matt,48919,6,ENG,2014-11-28,
267,Beautifly,,female,normal,gen6,Kalos,Swarm,Rash,Matt,44802,10,ENG,2022-02-20,
267,Beautifly,,male,normal,gen6,Hoenn,Swarm,Impish,Matt,48919,12,ENG,2015-01-24,
268,Cascoon,,female,normal,gen6,Hoenn,Shed Skin,Serious,Matt,48919,11,ENG,2015-01-24,
269,Dustox,,female,normal,gen6,Hoenn,Shield Dust,Adamant,Matt,48919,28,ENG,2014-11-24,
269,Dustox,,male,normal,gen6,Kalos,Shield Dust,Bashful,Matt,44802,10,ENG,2022-02-20,
270,Lotad,,female,normal,gen6,Kalos,Swift Swim,Bold,Matt,44802,1,ENG,2014-01-01,
271,Lombre,,male,great,gen6,Kalos,Swift Swim,Lax,Matt,44802,44,ENG,2013-11-16,
272,Ludicolo,,female,normal,gen6,Kalos,Rain Dish,Lax,Matt,44802,34,ENG,2021-10-07,
272,Ludicolo,,male,normal,galar,Galar,Rain Dish,Calm,Matt,886459,60,ENG,2021-12-28,
273,Seedot,,male,normal,gen6,Hoenn,Chlorophyll,Timid,Carl,05953,3,ENG,2015-01-04,
274,Nuzleaf,,female,normal,gen6,Hoenn,Chlorophyll,Adamant,Matt,48919,27,ENG,2014-11-24,
274,Nuzleaf,,male,normal,gen6,Kalos,Chlorophyll,Calm,Matt,44802,15,ENG,2022-02-20,
275,Shrifty,,female,normal,gen6,Hoenn,Chlorophyll,Gentle,Matt,48919,18,ENG,2015-01-24,
275,Shrifty,,male,normal,gen6,Kalos,Chlorophyll,Careful,Matt,44802,15,ENG,2022-02-21,
276,Taillow,,female,normal,gen6,Kalos,Guts,Docile,Matt,44802,7,ENG,2013-12-09,
277,Swellow,,female,normal,gen6,Kalos,Guts,Adamant,Matt,44802,24,ENG,2013-12-10,
278,Wingull,,female,normal,gen6,Kalos,Rain Dish,Docile,Matt,44802,7,ENG,2013-12-09,
279,Pelipper,,female,normal,gen6,Kalos,Drizzle,Jolly,Matt,44802,33,ENG,2013-12-21,
280,Ralts,,male,normal,gen6,Kalos,Synchronize,Docile,Matt,44802,1,ENG,2013-11-06,
281,Kirlia,,male,normal,gen6,Kalos,Synchronize,Docile,Matt,44802,20,ENG,2013-11-06,
282,Gardevoir,,female,normal,gen6,Kalos,Trace,Lax,Matt,44802,30,ENG,2013-11-06,
283,Surskit,,female,normal,gen6,Kalos,Swift Swim,Naughty,Matt,44802,1,ENG,2013-12-01,
284,Masquerain,,male,great,gen6,Kalos,Intimidate,Quiet,Matt,44802,26,ENG,2013-12-01,
285,Shroomish,,female,normal,gen6,Kalos,Effect Spore,Jolly,Ecstatix,49077,1,ENG,2013-10-24,
286,Breloom,,male,normal,gen6,Hoenn,Effect Spore,Hasty,Matt,48919,25,ENG,2015-01-24,
287,Slakoth,,male,normal,gen6,Hoenn,Truant,Relaxed,Matt,48919,5,ENG,2015-01-11,
288,Vigoroth,,female,normal,gen6,Hoenn,Vital Spirit,Naive,Matt,48919,18,ENG,2015-01-11,
289,Slaking,,male,normal,gen6,Hoenn,Truant,Mild,Matt,48919,49,ENG,2015-01-12,
290,Nincada,,female,normal,gen6,Kalos,Compound Eyes,Lax,Matt,44802,11,ENG,2013-11-02,
291,Ninjask,,male,normal,gen6,Kalos,Speed Boost,Lonely,Matt,44802,21,ENG,2013-10-29,
292,Shedinja,,,normal,gen6,Kalos,Wonder Guard,Sassy,Matt,44802,20,ENG,2013-11-02,
293,Whismur,,male,normal,gen6,Kalos,Soundproof,Docile,Matt,44802,15,ENG,2013-11-29,
294,Loudred,,female,normal,gen6,Kalos,Soundproof,Hardy,Matt,44802,20,ENG,2013-12-07,
295,Exploud,,female,great,gen6,Kalos,Soundproof,Calm,Matt,44802,41,ENG,2013-10-21,
296,Makuhita,,female,normal,gen6,Kalos,Thick Fat,Modest,Jay,11837,1,ENG,2013-12-27,
297,Hariyama,,male,great,gen6,Kalos,Guts,Quiet,Matt,44802,22,ENG,2013-10-21,
298,Azurill,,female,normal,gen6,Kalos,Thick Fat,Naive,Matt,44802,5,ENG,2013-11-02,
299,Nosepass,,female,normal,gen6,Kalos,Sturdy,Quiet,Matt,44802,10,ENG,2013-10-26,
300,Skitty,,female,normal,gen6,Kalos,Cute Charm,Bold,Matt,44802,8,ENG,2013-12-07,
301,Delcatty,,female,normal,gen6,Kalos,Normalize,Relaxed,Matt,44802,8,ENG,2013-10-19,
302,Sableye,,female,dusk,gen6,Kalos,Keen Eye,Naughty,Corey,60144,22,ENG,2013-10-21,
303,Mawile,,female,normal,gen6,Kalos,Intimidate,Quiet,AyaSe,35497,1,JPN,2013-10-27,
304,Aron,,male,normal,gen6,Kalos,Sturdy,Relaxed,Matt,44802,1,ENG,2014-01-01,
305,Lairon,,female,normal,gen6,Kalos,Rock Head,Calm,Matt,44802,46,ENG,2013-12-13,
306,Aggron,,male,ultra,gen6,Kalos,Sturdy,Careful,Tim,07371,47,GER,2013-10-15,
307,Meditite,,female,ultra,gen6,Kalos,Pure Power,Serious,Matt,44802,14,ENG,2021-12-21,
307,Meditite,,male,normal,gen6,Kalos,Pure Power,Brave,Matt,44802,15,ENG,2013-11-29,
308,Medicham,,female,ultra,gen6,Kalos,Pure Power,Careful,Matt,44802,37,ENG,2021-12-21,
308,Medicham,,male,normal,gen6,Kalos,Pure Power,Lonely,Matt,44802,37,ENG,2013-10-20,
309,Electrike,,female,normal,gen6,Kalos,Static,Modest,Anna,02976,19,ENG,2013-11-02,
310,Manectric,,male,ultra,gen6,Kalos,Minus,Hasty,Rui,31706,30,ENG,2013-10-26,
311,Plusle,,male,normal,gen6,Kalos,Plus,Calm,Matt,44802,9,ENG,2013-10-27,
312,Minun,,male,normal,gen6,Kalos,Minus,Quirky,Matt,44802,6,ENG,2013-10-27,
313,Volbeat,,male,normal,gen6,Kalos,Swarm,Jolly,Matt,44802,13,ENG,2013-10-27,
314,Illumise,,female,normal,gen6,Kalos,Tinted Lens,Lax,Matt,44802,13,ENG,2013-10-27,
315,Roselia,,female,normal,gen6,Hoenn,Natural Cure,Calm,Matt,48919,12,ENG,2021-09-29,
315,Roselia,,male,normal,gen6,Kalos,Leaf Guard,Docile,Matt,44802,1,ENG,2021-12-23,
316,Gulpin,,female,normal,gen6,Kalos,Liquid Ooze,Rash,Matt,44802,5,ENG,2013-12-07,
316,Gulpin,,male,normal,gen6,Kalos,Liquid Ooze,Docile,Matt,44802,10,ENG,2021-12-28,
317,Swalot,,female,normal,gen6,Kalos,Liquid Ooze,Modest,Matt,44802,29,ENG,2021-12-28,
317,Swalot,,male,normal,gen6,Kalos,Sticky Hold,Calm,Matt,44802,26,ENG,2013-10-19,
318,Carvanha,,male,normal,gen6,Kalos,Rough Skin,Bold,Matt,44802,25,ENG,2013-12-01,
319,Sharpedo,,male,normal,gen6,Kalos,Rough Skin,Quiet,Matt,44802,31,ENG,2013-12-01,
320,Wailmer,,male,great,gen6,Kalos,Oblivious,Docile,Matt,44802,25,ENG,2013-12-22,
321,Wailord,,male,ultra,gen6,Kalos,Oblivious,Bold,Lyndis,62441,42,ENG,2013-10-26,
322,Numel,,female,normal,gen6,Hoenn,Oblivious,Sassy,Matt,48919,16,ENG,2014-12-14,
322,Numel,,male,normal,gen6,Kalos,Simple,Lax,Matt,44802,1,ENG,2021-12-31,
323,Camerupt,,female,normal,gen6,Kalos,Solid Rock,Bold,Matt,44802,34,ENG,2021-12-31,
323,Camerupt,,male,normal,gen6,Hoenn,Solid Rock,Brave,Matt,48919,47,ENG,2021-09-29,
324,Torkoal,,male,great,gen6,Kalos,Drought,Timid,Sarah,24994,44,ENG,2013-12-18,
325,Spoink,,male,normal,gen6,Kalos,Thick Fat,Hasty,Matt,44802,13,ENG,2013-10-20,
326,Grumpig,,male,normal,gen6,Kalos,Thick Fat,Calm,Matt,44802,32,ENG,2013-12-09,
327,Spinda,,female,great,gen6,Kalos,Own Tempo,Quirky,Matt,44802,50,ENG,2013-11-29,
328,Trapinch,,female,great,gen6,Kalos,Arena Tap,Calm,Matt,44802,28,ENG,2013-10-26,
329,Vibrava,,male,nest,gen6,Kalos,Levitate,Lonely,Dyllon,13906,36,ENG,2013-12-26,
330,Flygon,,female,luxury,gen6,Kalos,Levitate,Hasty,[Japanese],43452,46,JPN,2013-12-12,
331,Cacnea,,male,normal,gen6,Hoenn,Sand Veil,Relaxed,Matt,48919,21,ENG,2021-09-29,
332,Cacturne,,female,normal,gen6,Kalos,Sand Veil,Careful,Matt,44802,39,ENG,2022-02-22,
332,Cacturne,,male,normal,gen6,Hoenn,Sand Veil,Lax,Matt,48919,38,ENG,2021-09-29,
333,Swablu,,female,great,gen6,Kalos,Natural Cure,Quirky,Matt,44802,26,ENG,2013-11-29,
334,Altaria,,female,great,gen6,Kalos,Natural Cure,Careful,Matt,44802,50,ENG,2013-11-30,
335,Zangoose,,male,great,gen6,Kalos,Immunity,Mild,Matt,44802,14,ENG,2013-10-20,
336,Seviper,,male,ultra,gen6,Kalos,Shed Skin,Careful,Matt,44802,30,ENG,2013-12-11,
337,Lunatone,,,great,gen6,Kalos,Levitate,Modest,Matt,44802,17,ENG,2013-11-09,
338,Solrock,,,ultra,gen6,Kalos,Levitate,Relaxed,Matt,44802,17,ENG,2013-11-09,
339,Barboach,,female,net,galar,Galar,Anticipation,Naughty,Matt,886459,23,ENG,2021-09-07,
340,Whiscash,,female,net,galar,Galar,Anticipation,Sassy,Matt,886459,46,ENG,2021-09-19,
341,Corphish,,male,normal,gen6,Kalos,Hyper Cutter,Relaxed,Matt,44802,25,ENG,2013-12-04,
342,Crawdaunt,,male,normal,gen6,Kalos,Hyper Cutter,Quiet,Matt,44802,30,ENG,2013-10-27,
343,Baltoy,,,normal,gen6,Hoenn,Levitate,Lonely,Matt,48919,23,ENG,2021-09-29,
344,Claydol,,,ultra,gen6,Hoenn,Levitate,Rash,Matt,48919,44,ENG,2015-01-11,
345,Lileep,,male,normal,gen6,Kalos,Suction Cups,Brave,Matt,44802,20,ENG,2013-12-22,
346,Cradily,,male,normal,gen6,Kalos,Suction Cups,Quiet,Matt,44802,44,ENG,2021-09-29,
347,Anorith,,male,normal,gen6,Kalos,Battle Armor,Timid,Matt,44802,20,ENG,2013-12-22,
348,Armaldo,,male,normal,gen6,Kalos,Battle Armor,Quiet,Matt,44802,48,ENG,2021-09-30,
349,Feebas,,male,normal,gen6,Kalos,Swift Swim,Relaxed,Matt,44802,1,ENG,2013-12-26,
350,Milotic,,female,normal,gen6,Kalos,Competitive,Modest,Matt,44802,1,ENG,2013-12-26,
350,Milotic,,male,normal,gen6,Kalos,Competitive,Sassy,Matt,44802,1,ENG,2022-02-22,
351,Castform,,female,normal,gen6,Hoenn,Forecast,Lax,Matt,48919,39,ENG,2014-12-20,
352,Kecleon,,female,great,gen6,Kalos,Color Change,Rash,Matt,44802,11,ENG,2013-10-20,
353,Shuppet,,male,ultra,gen6,Hoenn,Frisk,Timid,Matt,48919,28,ENG,2014-12-23,
354,Banette,,female,ultra,gen6,Hoenn,Frisk,Impish,Matt,48919,44,ENG,2021-09-29,
355,Duskull,,male,ultra,gen6,Kalos,Levitate,Relaxed,Matt,44802,1,ENG,2021-09-29,
356,Dusclops,,female,ultra,gen6,Hoenn,Pressure,Jolly,Matt,48919,38,ENG,2021-09-26,
357,Tropius,,female,nest,gen6,Hoenn,Chlorophyll,Careful,Matt,48919,27,ENG,2021-09-29,
358,Chimecho,,female,normal,gen6,Kalos,Levitate,Bold,Tim,32775,52,ENG,2013-10-17,
359,Absol,,male,normal,gen6,Kalos,Pressure,Docile,Yashio,61224,15,ENG,2013-10-12,
360,Wynaut,,male,normal,gen6,Kalos,Shadow Tag,Serious,[Japanese],62130,1,JPN,2013-12-29,
361,Snorunt,,male,quick,gen6,Kalos,Ice Body,Careful,SOGE,23244,30,FRE,2013-12-24,
362,Glalie,,male,timer,galar,Galar,Inner Focus,Hasty,Matt,886459,45,ENG,2021-10-13,
363,Spheal,,female,normal,gen6,Hoenn,Thick Fat,Bold,Matt,48919,31,ENG,2014-12-26,
364,Sealeo,,male,great,gen6,Hoenn,Ice Body,Lonely,Matt,48919,32,ENG,2014-12-26,
365,Walrein,,female,normal,gen6,Hoenn,Ice Body,Brave,Matt,48919,45,ENG,2021-10-02,
366,Clamperl,,female,normal,gen6,Kalos,Shell Armor,Brave,Matt,44802,25,ENG,2013-10-27,
367,Huntail,,male,ultra,gen6,Kalos,Swift Swim,Calm,Yan,22689,35,ENG,2013-11-09,
368,Gorebyss,,female,normal,gen6,Kalos,Swift Swim,Sassy,Jon,07375,35,ENG,2013-10-25,
369,Relicanth,,female,timer,galar,Galar,Swift Swim,Brave,Matt,886459,65,ENG,2021-12-17,
369,Relicanth,,male,net,gen6,Kalos,Rock Head,Rush,Matt,44802,35,ENG,2013-12-22,
370,Luvdisc,,female,normal,gen6,Kalos,Swift Swim,Serious,Matt,44802,15,ENG,2013-10-20,
371,Bagon,,female,normal,gen6,Kalos,Rock Head,Hasty,[Japanese],24328,15,JPN,2013-11-27,
372,Shelgon,,female,normal,gen6,Kalos,Rock Head,Careful,Matt,44802,30,ENG,2013-12-10,
373,Salamance,,female,repeat,gen6,Kalos,Intimidate,Modest,Matt,44802,50,ENG,2013-12-10,
374,Beldum,,,normal,gen6,Kalos,Clear Body,Serious,Matt,44802,1,ENG,2021-10-07,
375,Metang,,,normal,gen6,Kalos,Clear Body,Gentle,Matt,44802,31,ENG,2021-10-07,
376,Metagross,,,normal,gen6,Kalos,Clear Body,Brave,Matt,44802,46,ENG,2021-10-07,
377,Regirock,,,dusk,galar,Galar,Clear Body,Naughty,Matt,886459,70,ENG,2021-11-07,
378,Regice,,,ultra,galar,Galar,Clear Body,Mild,Matt,886459,70,ENG,2021-11-07,
379,Registeel,,,heavy,galar,Galar,Clear Body,Bold,Matt,886459,70,ENG,2021-11-06,
380,Latias,,female,premier,gen6,Hoenn,Levitate,Naive,Matt,48919,30,ENG,2015-01-03,
381,Latios,,male,normal,gen6,Hoenn,Levitate,Modest,Matt,48919,53,ENG,2014-12-14,
382,Kyogre,,,ultra,gen6,Hoenn,Drizzle,Modest,Gama,16976,45,SPA,2014-12-29,
383,Groudon,,,ultra,gen6,Hoenn,Drought,Lonely,Matt,48919,61,ENG,2014-12-24,
384,Rayquaza,,,ultra,gen6,Hoenn,Air Lock,Mild,Matt,48919,70,ENG,2015-01-11,
385,Jirachi,,,normal,bdsp,Sinnoh,Serene Grace,Jolly,Matt,495856,5,ENG,2022-05-25,
386,Deoxys,normal,,master,gen6,Hoenn,Pressure,Sassy,Matt,48919,80,ENG,2015-01-11,

387,Turtwig,,male,normal,bdsp,Sinnoh,Overgrow,Rash,Matt,495856,1,ENG,2022-10-30,
388,Grotle,,male,normal,bdsp,Sinnoh,Overgrow,Timid,Matt,495856,18,ENG,2022-10-30,
389,Torterra,,female,normal,bdsp,Sinnoh,Overgrow,Mild,Matt,495856,32,ENG,2022-10-30,
390,Chimchar,,male,normal,bdsp,Sinnoh,Blaze,Impish,Matt,495856,1,ENG,2022-11-05,
391,Monferno,,male,normal,bdsp,Sinnoh,Blaze,Hasty,Matt,495856,14,ENG,2022-11-05,
392,Infernape,,male,normal,bdsp,Sinnoh,Blaze,Hardy,Matt,495856,36,ENG,2022-11-05,
393,Piplup,,male,normal,bdsp,Sinnoh,Torrent,Jolly,Matt,495856,1,ENG,2022-10-30,
394,Prinplup,,male,normal,bdsp,Sinnoh,Torrent,Serious,Matt,495856,16,ENG,2022-10-30,
395,Empoleon,,male,normal,bdsp,Sinnoh,Torrent,Timid,Matt,495856,36,ENG,2022-10-30,
396,Starly,,female,normal,bdsp,Sinnoh,Keen Eye,Sassy,Matt,495856,3,ENG,2022-10-13,
397,Staravia,,female,normal,bdsp,Sinnoh,Intimidate,Hardy,Matt,495856,15,ENG,2022-11-06,
398,Staraptor,,female,normal,bdsp,Sinnoh,Intimidate,Sassy,Matt,495856,52,ENG,2022-01-13,
399,Bidoof,,female,normal,bdsp,Sinnoh,Simple,Relaxed,Matt,495856,3,ENG,2022-11-06,
400,Bibarel,,female,normal,bdsp,Sinnoh,Simple,Bashful,Matt,495856,15,ENG,2022-11-06,
401,Kricketot,,female,normal,bdsp,Sinnoh,Shed Skin,Impish,Matt,495856,4,ENG,2022-10-13,
402,Kricketune,,female,normal,bdsp,Sinnoh,Swarm,Quiet,Matt,495856,18,ENG,2022-11-06,
403,Shinx,,female,normal,bdsp,Sinnoh,Rivalry,Lonely,Matt,495856,4,ENG,2022-11-06,
404,Luxio,,female,normal,bdsp,Sinnoh,Rivalry,Timid,Matt,495856,18,ENG,2022-11-06,
405,Luxray,,female,normal,bdsp,Sinnoh,Rivalry,Careful,Matt,495856,30,ENG,2022-10-24,
406,Budew,,male,normal,bdsp,Sinnoh,Poison Point,Naive,Matt,495856,4,ENG,2022-10-24,
407,Roserade,,female,normal,bdsp,Sinnoh,Natural Cure,Quiet,Matt,495856,19,ENG,2022-10-12,
408,Cranidos,,male,normal,bdsp,Sinnoh,Mold Breaker,Docile,Matt,495856,1,ENG,2022-11-06,
409,Rampardos,,female,normal,bdsp,Sinnoh,Mold Breaker,Docile,Matt,495856,30,ENG,2022-11-06,
410,Shieldon,,male,normal,bdsp,Sinnoh,Sturdy,Adamant,Matt,495856,1,ENG,2022-10-17,
411,Bastiodon,,female,normal,bdsp,Sinnoh,Sturdy,Relaxed,Matt,495856,30,ENG,2022-10-17,
412,Burmy,plant,male,normal,bdsp,Sinnoh,Shed Skin,Modest,Matt,495856,1,ENG,2022-10-30,
412,Burmy,sandy,male,normal,bdsp,Sinnoh,Shed Skin,Serious,Matt,495856,1,ENG,2023-10-01,
412,Burmy,trash,male,normal,bdsp,Sinnoh,Shed Skin,Gentle,Matt,495856,1,ENG,2023-10-01,
413,Wormadam,plant,female,normal,bdsp,Sinnoh,Anticipation,Docile,Matt,495856,20,ENG,2022-10-30,
413,Wormadam,sandy,female,normal,bdsp,Sinnoh,Anticipation,Modest,Matt,495856,20,ENG,2023-10-01,
413,Wormadam,trash,female,normal,bdsp,Sinnoh,Anticipation,Lonely,Matt,495856,20,ENG,2023-10-01,
414,Mothim,,male,normal,bdsp,Sinnoh,Swarm,Calm,Matt,495856,21,ENG,2022-10-30,
415,Combee,,female,normal,bdsp,Sinnoh,Honey Gather,Hardy,Matt,495856,1,ENG,2022-11-06,
416,Vespiquen,,female,normal,bdsp,Sinnoh,Pressure,Lax,Matt,495856,21,ENG,2022-11-06,
417,Pachirisu,,female,normal,bdsp,Sinnoh,Pickup,Careful,Matt,495856,9,ENG,2022-11-08,
418,Buizel,,female,normal,bdsp,Sinnoh,Swift Swim,Quiet,Matt,495856,8,ENG,2022-11-07,
419,Floatzel,,female,normal,bdsp,Sinnoh,Swift Swim,Jolly,Matt,495856,26,ENG,2022-11-07,
420,Cherubi,,male,normal,bdsp,Sinnoh,Chlorophyll,Quiet,Matt,495856,1,ENG,2022-10-30,
421,Cherrim,,male,normal,bdsp,Sinnoh,Flower Gift,Rash,Matt,495856,25,ENG,2022-10-30,
422,Shellos,west,male,normal,bdsp,Sinnoh,Storm Drain,Sassy,Matt,495856,9,ENG,2022-05-16,
422,Shellos,east,male,normal,bdsp,Sinnoh,Sticky Hold,Docile,Matt,495856,1,ENG,2023-10-01,
423,Gastrodon,west,female,normal,bdsp,Sinnoh,Storm Drain,Quirky,Matt,495856,28,ENG,2022-10-14,
423,Gastrodon,east,female,normal,bdsp,Sinnoh,Sticky Hold,Rash,Matt,495856,30,ENG,2023-10-01,
424,Ambipom,,female,normal,bdsp,Sinnoh,Technician,Bashful,Matt,495856,58,ENG,2022-10-30,
425,Drifloon,,male,normal,bdsp,Sinnoh,Unburden,Quiet,Matt,495856,22,ENG,2022-10-14,
426,Drifblim,,male,normal,bdsp,Sinnoh,Unburden,Docile,Matt,495856,28,ENG,2022-11-06,
427,Buneary,,male,normal,bdsp,Sinnoh,Run Away,Docile,Matt,495856,58,ENG,2022-10-23,
428,Lopunny,,female,normal,bdsp,Sinnoh,Klutz,Brave,Matt,495856,44,ENG,2022-11-01,
429,Mismagius,,female,normal,bdsp,Sinnoh,Levitate,Sassy,Matt,495856,60,ENG,2022-05-16,
430,Honchkrow,,female,normal,bdsp,Sinnoh,Insomnia,Bold,Matt,495856,1,ENG,2022-11-06,
431,Glameow,,female,normal,bdsp,Sinnoh,Own Tempo,Jolly,Matt,495856,29,ENG,2022-10-14,
432,Purugly,,female,normal,bdsp,Sinnoh,Thick Fat,Bold,Matt,495856,60,ENG,2022-10-30,
433,Chingling,,female,normal,bdsp,Sinnoh,Levitate,Lax,Matt,495856,28,ENG,2022-10-30,
434,Stunky,,female,normal,bdsp,Sinnoh,Stench,Bashful,Matt,495856,1,ENG,2022-10-30,
435,Skuntank,,female,normal,bdsp,Sinnoh,Aftermath,Naughty,Matt,495856,34,ENG,2022-10-30,
436,Bronzor,,,normal,bdsp,Sinnoh,Heatproof,Naive,Matt,495856,59,ENG,2022-10-30,
437,Bronzong,,,normal,bdsp,Sinnoh,Levitate,Mild,Matt,495856,38,ENG,2022-10-01,
438,Bonsly,,female,normal,bdsp,Sinnoh,Sturdy,Lax,Matt,495856,20,ENG,2022-10-14,
439,Mime Jr.,,male,normal,bdsp,Sinnoh,Filter,Mild,Matt,495856,1,ENG,2022-10-30,
440,Happiny,,female,normal,bdsp,Sinnoh,Natural Cure,Naughty,Matt,495856,1,ENG,2022-10-30,
441,Chatot,,female,normal,bdsp,Sinnoh,Tangled Feet,Lax,Matt,495856,41,ENG,2022-11-06,
442,Spiritomb,,male,normal,bdsp,Sinnoh,Pressure,Calm,Matt,495856,1,ENG,2022-11-06,
443,Gible,,female,normal,bdsp,Sinnoh,Sand Veil,Calm,Matt,495856,1,ENG,2022-11-08,
444,Gabite,,female,normal,bdsp,Sinnoh,Sand Veil,Timid,Matt,495856,61,ENG,2022-11-08,
445,Garchomp,,female,normal,bdsp,Sinnoh,Sand Veil,Careful,Matt,495856,64,ENG,2022-10-14,
446,Munchlax,,male,normal,bdsp,Sinnoh,Thick Fat,Relaxed,Matt,495856,62,ENG,2022-10-30,
447,Riolu,,male,normal,bdsp,Sinnoh,Inner Focus,Quiet,Matt,495856,1,ENG,2022-10-13,
448,Lucario,,male,normal,bdsp,Sinnoh,Steadfast,Relaxed,Matt,495856,33,ENG,2022-10-13,
449,Hippopotas,,female,normal,bdsp,Sinnoh,Sand Stream,Serious,Matt,495856,1,ENG,2022-11-06,
450,Hippowdon,,female,normal,bdsp,Sinnoh,Sand Stream,Lax,Matt,495856,63,ENG,2022-10-17,
451,Skorupi,,male,normal,bdsp,Sinnoh,Battle Armor,Bashful,Matt,495856,62,ENG,2022-10-17,
452,Drapion,,male,normal,bdsp,Sinnoh,Battle Armor,Adamant,Matt,495856,62,ENG,2022-10-17,
453,Croagunk,,female,normal,bdsp,Sinnoh,Dry Skin,Gentle,Matt,495856,58,ENG,2022-11-07,
454,Toxicroak,,female,normal,bdsp,Sinnoh,Anticipation,Brave,Matt,495856,59,ENG,2022-11-08,
455,Carnivine,,female,normal,bdsp,Sinnoh,Levitate,Quiet,Matt,495856,1,ENG,2022-10-30,
456,Finneon,,female,normal,bdsp,Sinnoh,Storm Drain,Naive,Matt,495856,18,ENG,2022-11-07,
457,Lumineon,,female,normal,bdsp,Sinnoh,Storm Drain,Impish,Matt,495856,30,ENG,2022-11-07,
458,Mantyke,,male,normal,bdsp,Sinnoh,Water Absorb,Lonely,Matt,495856,38,ENG,2022-10-24,
459,Snover,,female,normal,bdsp,Sinnoh,Snow Warning,Gentle,Matt,495856,35,ENG,2022-11-08,
460,Abomasnow,,female,normal,bdsp,Sinnoh,Snow Warning,Sassy,Matt,495856,40,ENG,2022-10-24,
461,Weavile,,female,normal,bdsp,Sinnoh,Pressure,Lax,Matt,495856,35,ENG,2022-11-08,
462,Magnezone,,,normal,bdsp,Sinnoh,Sturdy,Adamant,Matt,495856,64,ENG,2022-10-16,
463,Lickilicky,,male,normal,bdsp,Sinnoh,Own Tempo,Lonely,Matt,495856,58,ENG,2022-10-16,
464,Rhyperior,,female,normal,bdsp,Sinnoh,Lightning Rod,Timid,Matt,495856,62,ENG,2022-11-08,
465,Tangrowth,,female,normal,bdsp,Sinnoh,Leaf Guard,Hardy,Matt,495856,62,ENG,2022-11-06,
466,Electivire,,female,normal,bdsp,Sinnoh,Motor Drive,Naive,Matt,495856,30,ENG,2022-10-30,
467,Magmortar,,male,normal,bdsp,Sinnoh,Flame Body,Impish,Matt,495856,30,ENG,2022-10-30,
468,Togekiss,,male,normal,bdsp,Sinnoh,Serene Grace,Docile,Matt,495856,64,ENG,2022-10-30,
469,Yanmega,,male,normal,bdsp,Sinnoh,Tinted Lens,Timid,Matt,495856,33,ENG,2022-10-30,
470,Leafeon,,male,normal,bdsp,Sinnoh,Leaf Guard,Jolly,Matt,495856,8,ENG,2022-10-30,
471,Glaceon,,male,normal,bdsp,Sinnoh,Snow Cloak,Rash,Matt,495856,13,ENG,2022-10-30,
472,Gliscor,,female,normal,bdsp,Sinnoh,Sand Veil,Quirky,Matt,495856,1,ENG,2022-10-30,
473,Mamoswine,,female,normal,bdsp,Sinnoh,Snow Cloak,Sassy,Matt,495856,62,ENG,2022-11-07,
474,Porygon-Z,,,normal,bdsp,Sinnoh,Download,Brave,Matt,495856,1,ENG,2022-10-30,
475,Gallade,,male,normal,bdsp,Sinnoh,Steadfast,Quirky,Matt,495856,63,ENG,2022-10-30,
476,Probopass,,female,normal,bdsp,Sinnoh,Magnet Pull,Quirky,Matt,495856,30,ENG,2022-10-30,
477,Dusknoir,,male,normal,bdsp,Sinnoh,Pressure,Rash,Matt,495856,63,ENG,2022-10-30,
478,Froslass,,female,normal,bdsp,Sinnoh,Snow Cloak,Bashful,Matt,495856,35,ENG,2022-10-30,
479,Rotom,,,normal,bdsp,Sinnoh,Levitate,Naughty,Matt,495856,15,ENG,2022-11-06,
479,Rotom,heat,,normal,bdsp,Sinnoh,Levitate,Docile,Matt,495856,1,ENG,2022-11-06,
479,Rotom,wash,,normal,bdsp,Sinnoh,Levitate,Serious,Matt,495856,1,ENG,2022-11-06,
479,Rotom,frost,,normal,bdsp,Sinnoh,Levitate,Jolly,Matt,495856,1,ENG,2022-11-06,
479,Rotom,fan,,normal,bdsp,Sinnoh,Levitate,Docile,Matt,495856,1,ENG,2022-11-06,
479,Rotom,mow,,normal,bdsp,Sinnoh,Levitate,Calm,Matt,495856,1,ENG,2022-11-06,

480,Uxie,,,ultra,gen6,Hoenn,Levitate,Sassy,Matt,48919,50,ENG,2021-10-04,
481,Mespirit,,,premier,gen6,Hoenn,Levitate,Modest,Matt,48919,50,ENG,2024-12-26,
482,Azelf,,,ultra,gen6,Hoenn,Levitate,Quiet,Matt,48919,50,ENG,2021-10-04,
483,Dialga,,,timer,gen6,Hoenn,Pressure,Modest,Anna,32036,50,ENG,2021-10-25,
484,Palkia,,,ultra,gen6,Hoenn,Pressure,Hardy,Matt,48919,50,ENG,2021-10-26,
485,Heatran,,,ultra,gen6,Hoenn,Flash Fire,Jolly,Matt,48919,50,ENG,2021-10-25,
486,Regigigas,,,premier,galar,Galar,Slow Start,Premier,Matt,998335,100,ENG,2021-11-27,
487,Giratina,,,timer,gen6,Hoenn,Pressure,Lax,Matt,48919,50,ENG,2021-10-26,
488,Cresselia,,,premier,gen6,Hoenn,Levitate,Serious,Matt,48919,50,ENG,2015-01-11,
489,Phione,,,normal,gen6,Kalos,Hydration,Quirky,Snow,34953,9,ENG,2013-12-30,
490,Manaphy,,,gigaton,arceus,Hisui,???,Hasty,Matt,938084,50,ENG,2022-05-17,
491,Darkrai,,,gigaton,arceus,Hisui,???,Rash,Matt,938084,70,ENG,2022-04-28,
492,Shaymin,,,gigaton,arceus,Hisui,???,Impish,Matt,938084,70,ENG,2022-05-17,
493,Arceus,,,normal-hisui,arceus,Hisui,???,Quirky,Matt,938084,75,ENG,2022-05-01,

494,Victini,,,cherish,galar,Galar,Victory Star,Brave,Victory,220818,50,ENG,2022-08-18,
495,Snivy,,male,premier,alola,Alola,Overgrow,Calm,Matt,130269,1,ENG,2021-10-21,
496,Servine,,male,premier,alola,Alola,Overgrow,Adamant,Matt,130269,20,ENG,2021-10-21,
497,Serperior,,male,premier,alola,Alola,Overgrow,Jolly,Matt,130269,43,ENG,2021-10-21,
498,Tepig,,male,normal,gen6,Kalos,Blaze,Docile,Matt,44802,1,ENG,2021-10-07,
499,Pignite,,male,normal,gen6,Kalos,Blaze,Lax,Matt,44802,21,ENG,2021-10-07,
500,Emboar,,male,normal,gen6,Hoenn,Blaze,Impish,Matt,48919,36,ENG,2021-09-30,
501,Oshawott,,male,dive,alola,Alola,Torrent,Careful,Matt,130269,1,ENG,2021-10-22,
502,Dewott,,male,dive,alola,Alola,Torrent,Serious,Matt,130269,18,ENG,2021-10-22,
503,Samurott,,male,dive,alola,Alola,Torrent,Gentle,Matt,130269,43,ENG,2021-10-22,
503,Samurott,hisui,male,normal-hisui,arceus,Hisui,???,Bashful,Matt,938084,36,ENG,2022-03-31,
504,Patrat,,male,ultra,gen6,Kalos,Keen Eye,Quiet,Matt,44802,1,ENG,2014-01-01,
505,Watchog,,female,ultra,gen6,Kalos,Keen Eye,Brave,Tay,54593,36,ENG,2013-10-20,
506,Lillipup,,female,normal,gen6,Hoenn,Vital Spirit,Gentle,Matt,48919,2,ENG,2015-01-24,
507,Herdier,,male,ultra,galar,Galar,Intimidate,Mild,Matt,886459,28,ENG,2021-10-03,
508,Stoutland,,female,ultra,galar,Galar,Sand Rush,Serious,Matt,886459,42,ENG,2021-10-03,
509,Purrloin,,male,normal,galar,Galar,Limber,Naughty,Matt,886459,29,ENG,2021-09-07,
510,Liepard,,female,great,galar,Galar,Limber,Naughty,Matt,886459,28,ENG,2021-09-07,
511,Pansage,,male,normal,gen6,Kalos,Gluttony,Naive,Matt,44802,18,ENG,2013-10-19,
512,Simisage,,male,normal,gen6,Kalos,Gluttony,Impish,Matt,44802,4,ENG,2013-11-02,
513,Pansear,,male,normal,gen6,Kalos,Gluttony,Bold,Matt,44802,4,ENG,2013-10-19,
514,Simisear,,male,normal,gen6,Kalos,Gluttony,Calm,Matt,44802,6,ENG,2013-11-02,
515,Panpour,,male,normal,gen6,Kalos,Gluttony,Timid,Matt,44802,4,ENG,2013-10-19,
516,Simipour,,male,normal,gen6,Kalos,Gluttony,Naive,Matt,44802,6,ENG,2013-11-02,
517,Munna,,female,heal,galar,Galar,Synchronize,Serious,Matt,886459,47,ENG,2021-10-20,
518,Musharna,,female,heal,galar,Galar,Forewarn,Mild,Matt,886459,45,ENG,2021-10-20,
519,Pidove,,male,normal,gen6,Hoenn,Big Pecks,Sassy,Matt,48919,20,ENG,2021-10-02,
520,Tranquill,,female,normal,gen6,Kalos,Super Luck,Rash,Matt,44802,21,ENG,2021-10-05,
521,Unfezant,,female,normal,gen6,Hoenn,Super Luck,Rash,Matt,48919,41,ENG,2021-10-02,
522,Blitzle,,female,normal,gen6,Kalos,Lightning Rod,Serious,Matt,44802,1,ENG,2021-10-21,
523,Zebstrika,,male,ultra,gen6,Hoenn,Motor Drive,Lax,Matt,48919,37,ENG,2015-01-04,
524,Roggenrola,,male,normal,gen6,Kalos,Sturdy,Mild,Matt,44802,22,ENG,2013-10-23,
525,Boldore,,female,ultra,gen6,Kalos,Weak Armor,Careful,Matt,44802,31,ENG,2013-12-28,
526,Gigalith,,female,ultra,gen6,Kalos,Sand Stream,Hardy,Pedro,25466,30,ENG,2013-10-28,
527,Woobat,,female,dusk,gen6,Kalos,Klutz,Bold,Matt,44802,23,ENG,2013-10-22,
528,Swoobat,,female,normal,gen6,Kalos,Klutz,Quiet,Xeno,12826,36,GER,2013-10-13,
549,Lilligant,hisui,female,normal-hisui,arceus,Hisui,???,Jolly,Matt,938084,63,ENG,2022-04-03,
550,Basculin,white-striped,male,normal-hisui,arceus,Hisui,???,Jolly,Matt,938084,41,ENG,2022-03-01,
554,Darumaka,galar,male,normal,galar,Galar,Hustle,Rash,Matt,886459,1,ENG,2023-09-30,
555,Darmanitan,galar,male,normal,galar,Galar,Gorilla Tactics,Brave,Matt,886459,1,ENG,2023-09-30,
562,Yamask,galar,female,normal,galar,Galar,Wandering Spirit,Mild,Matt,886459,1,ENG,2023-09-30,
570,Zorua,hisui,male,normal-hisui,arceus,Hisui,???,Hardy,Matt,938084,29,ENG,2023-09-25,
571,Zoroark,hisui,male,normal-hisui,arceus,Hisui,???,Modest,Matt,938084,64,ENG,2023-09-25,
618,Stunfisk,galar,male,normal,galar,Galar,Mimicry,Docile,Matt,886459,25,ENG,2023-10-01,
628,Braviary,hisui,male,normal-hisui,arceus,Hisui,???,Bashful,Matt,938084,54,ENG,2023-09-25,

650,Chespin,,male,normal,gen6,Kalos,Overgrow,Impish,Matt,44802,1,ENG,2013-12-04,
651,Quilladin,,male,normal,gen6,Kalos,Overgrow,Mild,Matt,44802,17,ENG,2013-12-04,
652,Chesnaught,,male,normal,gen6,Kalos,Overgrow,Adamant,A,37752,49,ENG,2013-10-19,
653,Fennekin,,male,normal,gen6,Kalos,Blaze,Jolly,Matt,44802,1,ENG,2013-12-04,
654,Braixen,,male,normal,gen6,Kalos,Blaze,Quirky,Matt,44802,16,ENG,2013-12-04,
655,Delphox,,male,normal,gen6,Kalos,Blaze,Careful,Anna,34796,36,ENG,2013-10-19,
656,Froakie,,male,normal,gen6,Kalos,Protean,Impish,Matt,44802,1,ENG,2013-11-28,
657,Frogadier,,male,normal,gen6,Kalos,Protean,Modest,Adam,13095,17,ENG,2013-10-26,
658,Greninja,,male,normal,gen6,Kalos,Torrent,Bold,Matt,44802,41,ENG,2021-09-29,
659,Bunnelby,,male,repeat,gen6,Kalos,Huge Power,Adamant,remy,58015,17,ENG,2013-11-24,
660,Diggersby,,female,normal,gen6,Kalos,Cheek Pouch,Impish,Anna,02976,20,ENG,2013-10-19,
661,Fletchling,,male,normal,gen6,Kalos,Big Pecks,Modest,Matt,44802,4,ENG,2013-11-02,
662,Fletchinder,,female,normal,gen6,Kalos,Flame Body,Lax,Matt,44802,17,ENG,2013-11-02,
663,Talonflame,,male,normal,gen6,Kalos,Flame Body,Lax,Matt,44802,43,ENG,2021-10-05,
664,Scatterbug,,female,normal,gen6,Kalos,Compound Eyes,Sassy,Matt,44802,3,ENG,2013-11-30,
665,Spewpa,,female,normal,gen6,Kalos,Shed Skin,Serious,Matt,44802,22,ENG,2013-11-30,
666,Vivillon,continental,female,normal,gen6,Kalos,Compound Eyes,Modest,Matt,44802,12,ENG,2021-12-07,
667,Litleo,,female,normal,gen6,Kalos,Rivalry,Lax,Matt,44802,5,ENG,2013-12-04,
668,Pyroar,,female,normal,gen6,Kalos,Unnerve,Serious,Matt,44802,35,ENG,2013-10-19,
669,Flabebe,red,female,normal,gen6,Kalos,Flower Veil,Brave,Matt,44802,7,ENG,2021-12-05,
669,Flabebe,yellow,female,normal,gen6,Kalos,Flower Veil,Modest,Matt,44802,13,ENG,2013-12-07,
669,Flabebe,orange,female,normal,gen6,Kalos,Flower Veil,Relaxed,Matt,44802,13,ENG,2021-12-05,
669,Flabebe,blue,female,normal,gen6,Kalos,Flower Veil,Gentle,Matt,44802,14,ENG,2021-12-05,
669,Flabebe,white,female,premier,gen6,Kalos,Flower Veil,Modest,Matt,44802,1,ENG,2021-12-05,
670,Floette,red,female,premier,gen6,Kalos,Flower Veil,Jolly,Matt,44802,19,ENG,2021-12-05,
670,Floette,yellow,female,normal,gen6,Kalos,Flower Veil,Naive,Matt,44802,19,ENG,2021-12-05,
670,Floette,orange,female,normal,gen6,Kalos,Flower Veil,Modest,Matt,44802,19,ENG,2013-12-07,
670,Floette,blue,female,normal,gen6,Kalos,Flower Veil,Gentle,Matt,44802,19,ENG,2021-12-05,
670,Floette,white,female,premier,gen6,Kalos,Flower Veil,Calm,Matt,44802,19,ENG,2021-12-05,
671,Florges,red,female,premier,gen6,Kalos,Flower Veil,Adamant,Matt,44802,19,ENG,2021-12-05,
671,Florges,yellow,female,normal,gen6,Kalos,Flower Veil,Quirky,Matt,44802,19,ENG,2013-10-19,
671,Florges,orange,female,normal,gen6,Kalos,Flower Veil,Naughty,Matt,44802,20,ENG,2021-12-05,
671,Florges,blue,female,normal,gen6,Kalos,Flower Veil,Hasty,Matt,44802,19,ENG,2021-12-05,
671,Florges,white,female,premier,gen6,Kalos,Flower Veil,Bashful,Matt,44802,20,ENG,2021-12-07,
672,Skiddo,,female,normal,gen6,Kalos,Sap Sipper,Rash,Matt,44802,9,ENG,2013-12-07,
673,Gogoat,,female,normal,gen6,Kalos,Sap Sipper,Modest,Matt,44802,32,ENG,2013-10-27,
674,Pancham,,male,normal,gen6,Kalos,Mold Breaker,Brave,Matt,44802,8,ENG,2013-12-07,
675,Pangoro,,male,normal,gen6,Kalos,Mold Breaker,Brave,Matt,44802,33,ENG,2013-10-27,
676,Furfrou,natural,female,normal,gen6,Kalos,Fur Coat,Naive,Matt,44802,10,ENG,2013-10-19,
677,Espurr,,female,premier,gen6,Kalos,Keen Eye,Timid,Matt,44802,15,ENG,2013-10-29,
678,Meowstic,,female,premier,gen6,Kalos,Keen Eye,Hardy,Matt,44802,25,ENG,2013-10-29,
679,Honedge,,male,normal,gen6,Kalos,No Guard,Lonely,Matt,44802,11,ENG,2013-11-30,
680,Doublade,,male,normal,gen6,Kalos,No Guard,Quiet,Matt,44802,38,ENG,2013-11-30,
681,Aegislash,,male,normal,gen6,Kalos,Stance Change,Hasty,Matt,44802,35,ENG,2013-10-20,
682,Spritzee,,male,great,gen6,Kalos,Healer,Docile,Matt,44802,8,ENG,2013-12-01,
683,Aromatisse,,female,normal,gen6,Kalos,Healer,Sassy,MrBlas,44766,14,ENG,2013-10-12,
684,Swirlix,,male,normal,gen6,Kalos,Sweet Veil,Sassy,Matt,44802,1,ENG,2013-12-01,
685,Slurpuff,,female,timer,gen6,Kalos,Sweet Veil,Rash,Alba,58947,33,SPA,2013-10-13,
686,Inkay,,female,ultra,gen6,Kalos,Suction Cups,Mild,Takeshi,49898,22,ENG,2013-10-17,
687,Malamar,,male,normal,gen6,Kalos,Suction Cups,Naive,Matt,44802,69,ENG,2013-10-20,
688,Binacle,,male,great,gen6,Kalos,Tough Claws,Timid,KAPPES,02939,18,GER,2013-11-13,
689,Barbaracle,,female,quick,gen6,Kalos,Pickpocket,Quiet,Misa,37860,31,GER,2013-12-09,
690,Skrelp,,female,net,gen6,Kalos,Poison Touch,Careful,Drew,64304,1,ENG,2013-10-24,
691,Dragalge,,male,ultra,gen6,Kalos,Poison Point,Calm,Aaron,43403,35,ENG,2014-03-30,
692,Clauncher,,female,normal,gen6,Kalos,Mega Launcher,Docile,Matt,44802,25,ENG,2013-12-21,
693,Clawitzer,,female,normal,gen6,Kalos,Mega Launcher,Hasty,Matt,44802,45,ENG,2013-12-21,
694,Helioptile,,female,normal,gen6,Kalos,Sand Veil,Bashful,Matt,44802,18,ENG,2013-10-20,
695,Heliolisk,,male,ultra,gen6,Kalos,Dry Skin,Brave,Calem,36832,15,ENG,2013-12-13,
696,Tyrunt,,male,normal,gen6,Kalos,Strong Jaw,Hardy,Matt,44802,1,ENG,2013-10-24,
697,Tyrantrum,,male,normal,gen6,Kalos,Strong Jaw,Docile,Matt,44802,64,ENG,2013-10-20,
698,Amaura,,male,normal,gen6,Kalos,Refrigerate,Serious,Matt,44802,1,ENG,2013-11-27,
699,Aurorus,,female,timer,galar,Galar,Refrigerate,Rash,Matt,886459,62,ENG,2021-10-23,
700,Sylveon,,female,ultra,gen6,Kalos,Cute Charm,Calm,Matt,44802,32,ENG,2013-10-26,
701,Hawlucha,,male,nest,gen6,Kalos,Limber,Relaxed,Matt,44802,21,ENG,2021-10-13,
702,Dedenne,,female,ultra,gen6,Kalos,Pickup,Docile,Nathan,50709,1,ENG,2013-11-16,
703,Carbink,,,normal,gen6,Kalos,Clear Body,Docile,Matt,44802,23,ENG,2013-10-23,
704,Goomy,,female,heal,gen6,Kalos,Sap Sipper,Lax,Matt,44802,32,ENG,2013-11-01,
705,Sliggoo,,female,great,gen6,Kalos,Hydration,Quirky,Matt,44802,48,ENG,2021-10-05,
705,Sliggoo,hisui,male,normal-hisui,arceus,Hisui,???,Brave,Matt,938084,41,ENG,2023-09-24,
706,Goodra,,female,normal,gen6,Kalos,Sap Sipper,Relaxed,Matt,44802,53,ENG,2021-10-05,
706,Goodra,hisui,male,normal-hisui,arceus,Hisui,???,Calm,Matt,938084,62,ENG,2023-09-24,
707,Klefki,,female,normal,gen6,Kalos,Prankster,Relaxed,Matt,44802,36,ENG,2013-11-06,
708,Phantump,,male,great,gen6,Kalos,Frisk,Calm,Matt,44802,35,ENG,2013-11-12,
709,Trevenant,,male,normal,gen6,Kalos,Natural Cure,Adamant,Martin,04015,1,ENG,2013-11-04,
710,Pumpkaboo,average,male,ultra,gen6,Kalos,Pickup,Gentle,Matt,44802,35,ENG,2021-12-26,
710,Pumpkaboo,small,female,ultra,gen6,Kalos,Pickup,Jolly,Matt,44802,35,ENG,2021-12-26,
710,Pumpkaboo,large,female,ultra,gen6,Kalos,Frisk,Impish,Matt,44802,36,ENG,2021-12-26,
710,Pumpkaboo,super,male,normal,gen6,Kalos,Frisk,Impish,Matt,44802,1,ENG,2021-12-26,
711,Gourgeist,average,female,ultra,gen6,Kalos,Pickup,Quiet,Matt,44802,35,ENG,2021-12-26,
711,Gourgeist,small,male,normal,gen6,Kalos,Frisk,Serious,Matt,44802,36,ENG,2021-12-26,
711,Gourgeist,large,male,ultra,gen6,Kalos,Frisk,Bashful,Matt,44802,36,ENG,2021-12-26,
711,Gourgeist,super,male,ultra,gen6,Kalos,Frisk,Bold,Matt,44802,36,ENG,2021-12-26,
712,Bergmite,,female,great,gen6,Kalos,Ice Body,Bashful,Matt,44802,39,ENG,2013-11-06,
713,Avalugg,,female,normal,gen6,Kalos,Own Tempo,Bashful,Matt,44802,41,ENG,2021-10-07,
713,Avalugg,hisui,male,normal-hisui,arceus,Hisui,???,Naughty,Matt,938084,46,ENG,2023-09-25,
714,Noibat,,female,normal,gen6,Kalos,Frisk,Brave,Rubeus,05831,49,JPN,2013-10-18,
715,Noivern,,female,ultra,gen6,Kalos,Frisk,Bold,Matt,35199,48,ENG,2013-10-16,Pokérus
716,Xerneas,,,premier,gen6,Kalos,Fairy Aura,Jolly,Matt,44802,50,ENG,2013-11-16,
717,Yveltal,,,ultra,gen6,Kalos,Dark Aura,Lax,Taco,47740,69,ENG,2013-10-15,
718,Zygarde,50,,premier,gen6,Kalos,Aura Break,Modest,Matt,44802,70,ENG,2013-12-14,
718,Zygarde,10,,normal,alola,Alola,Aura Break,Lonely,Matt,130269,30,ENG,2021-10-14,
719,Diancie,,,cherish,gen6,Kalos,Clear Body,Rash,OCT2014,10274,50,ENG,2014-11-08,
720,Hoopa,confined,,cherish,gen6,Hoenn,Magician,Quiet,Alexander,10036,50,ENG,2016-10-06,
720,Hoopa,unbound,,cherish,gen6,Kalos,Magician,Naive,Mac,11275,50,ENG,2015-12-04,
721,Volcanion,,,cherish,galar,Galar,Water Absorb,Docile,ゲッチャレ,201120,60,JPN,2021-05-30,

722,Rowlet,,male,normal,alola,Alola,Overgrow,Timid,Matt,130269,1,ENG,2023-09-11,
723,Dartrix,,male,normal,alola,Alola,Overgrow,Impish,Matt,130269,17,ENG,2023-09-11,
724,Decidueye,,male,normal,alola,Alola,Overgrow,Naive,Matt,130269,34,ENG,2023-09-11,
724,Decidueye,hisui,male,normal-hisui,arceus,Hisui,???,Mild,Matt,938084,63,ENG,2023-09-25,
725,Litten,,male,normal,alola,Alola,Blaze,Bashful,Matt,130269,1,ENG,2023-09-21,
726,Torracat,,male,normal,alola,Alola,Blaze,Quirky,Matt,130269,19,ENG,2023-09-22,
727,Incineroar,,male,normal,alola,Alola,Blaze,Impish,Matt,130269,34,ENG,2023-09-21,
728,Poplio,,male,normal,alola,Alola,Torrent,Hardy,Matt,130269,1,ENG,2023-09-10,
729,Brionne,,female,normal,alola,Alola,Torrent,Impish,Matt,130269,20,ENG,2023-09-10,
730,Primarina,,male,normal,alola,Alola,Torrent,Relaxed,Matt,130269,34,ENG,2023-09-10,
731,Pikipek,,male,normal,alola,Alola,Skill Link,Jolly,Matt,130269,8,ENG,2016-11-19,
732,Trumbeak,,male,normal,alola,Alola,Skill Link,Careful,Matt,130269,20,ENG,2021-10-16,
733,Toucannon,,female,normal,alola,Alola,Keen Eye,Bold,Matt,130269,28,ENG,2021-10-16,
734,Yungoos,,female,normal,alola,Alola,Strong Jaw,Quiet,Matt,130269,9,ENG,2016-11-18,
735,Gumshoos,,female,normal,alola,Alola,Stakeout,Gentle,Matt,130269,26,ENG,2023-09-10,
736,Grubbin,,female,normal,alola,Alola,Swarm,Serious,Matt,130269,16,ENG,2021-10-16,
737,Charjabug,,male,normal,alola,Alola,Battery,Serious,Matt,130269,23,ENG,2021-10-16,
738,Vikavolt,,female,normal,alola,Alola,Levitate,Hasty,Matt,130269,31,ENG,2023-09-10,
739,Crabrawler,,male,normal,alola,Alola,Hyper Cutter,Serious,Matt,130269,10,ENG,2016-11-19,
740,Crabominable,,male,normal,alola,Alola,Hyper Cutter,Lonely,Matt,130269,16,ENG,2021-10-16,
741,Oricorio,baile,male,normal,alola,Alola,Dancer,Lonely,Matt,130269,33,ENG,2023-09-23,
741,Oricorio,pom-pom,male,normal,alola,Alola,Dancer,Bashful,Matt,130269,9,ENG,2023-09-23,
741,Oricorio,pau,female,normal,alola,Alola,Dancer,Rash,Matt,130269,15,ENG,2023-09-23,
741,Oricorio,sensu,male,normal,alola,Alola,Dancer,Jolly,Matt,130269,9,ENG,2023-09-23,
742,Cutiefly,,female,normal,alola,Alola,Shield Dust,Sassy,Matt,130269,11,ENG,2016-11-19,
743,Ribombee,,male,normal,alola,Alola,Honey Gather,Calm,Matt,130269,25,ENG,2023-09-11,
744,Rockruff,,female,normal,alola,Alola,Keen Eye,Naughty,Matt,130269,10,ENG,2023-09-11,
745,Lycanroc,midday,male,normal,alola,Alola,Sand Rush,Adamant,Matt,130269,44,ENG,2023-09-20,
745,Lycanroc,midnight,female,normal,alola,Alola,Vital Spirit,Relaxed,Matt,130269,25,ENG,2023-09-11,
745,Lycanroc,dusk,male,moon,galar,Galar,Tough Claws,Careful,Matt,886459,26,ENG,2021-12-12,
746,Wishiwashi,,female,normal,alola,Alola,Schooling,Hasty,Matt,130269,17,ENG,2016-11-21,
747,Mareanie,,male,normal,alola,Alola,Merciless,Gentle,Matt,130269,1,ENG,2023-09-21,
748,Toxapex,,female,normal,alola,Alola,Merciless,Hasty,Matt,130269,38,ENG,2023-09-20,
749,Mudbray,,female,normal,alola,Alola,Own Tempo,Naive,Matt,130269,29,ENG,2023-09-10,
750,Mudsdale,,female,normal,alola,Alola,Stamina,Sassy,Matt,130269,30,ENG,2023-09-10,
751,Dewpider,,male,normal,alola,Alola,Water Bubble,Rash,Matt,130269,14,ENG,2021-10-16,
752,Araquanid,,female,normal,alola,Alola,Water Bubble,Naive,Matt,130269,22,ENG,2016-11-21,
753,Fomantis,,female,normal,alola,Alola,Leaf Guard,Brave,Matt,130269,1,ENG,2023-09-11,
754,Lurantis,,male,normal,alola,Alola,Leaf Guard,Rash,Matt,130269,35,ENG,2023-09-11,
755,Morelull,,male,normal,alola,Alola,Effect Spore,Rash,Matt,130269,1,ENG,2023-09-21,
756,Shiinotic,,male,normal,alola,Alola,Effect Spore,Quirky,Matt,130269,24,ENG,2023-09-18,
757,Salandit,,female,normal,alola,Alola,Corrosion,Quiet,Matt,130269,1,ENG,2023-09-20,
758,Salazzle,,female,normal,alola,Alola,Corrosion,Mild,Matt,130269,33,ENG,2023-09-20,
759,Stufful,,female,normal,alola,Alola,Klutz,Lonely,Matt,130269,1,ENG,2023-09-10,
760,Bewear,,female,normal,alola,Alola,Fluffy,Lonely,Matt,130269,58,ENG,2023-09-10,
761,Bounsweet,,female,normal,alola,Alola,Oblivious,Modest,Matt,130269,1,ENG,2023-09-11,
762,Stenee,,female,normal,alola,Alola,Oblivious,Calm,Matt,130269,19,ENG,2021-10-16,
763,Tsareena,,female,normal,alola,Alola,Leaf Guard,Gentle,Matt,130269,29,ENG,2023-09-11,
764,Comfey,,female,normal,alola,Alola,Triage,Careful,Matt,130269,20,ENG,2023-09-11,
765,Oranguru,,male,normal,alola,Alola,Inner Focus,Jolly,Matt,130269,21,ENG,2023-09-18,
766,Passimian,,female,normal,alola,Alola,Receiver,Quiet,Matt,130269,1,ENG,2023-09-21,
767,Wimpod,,female,normal,alola,Alola,Wimp Out,Naughty,Matt,130269,1,ENG,2023-09-20,
768,Golisopod,,female,normal,alola,Alola,Emergency Exit,Mild,Matt,130269,33,ENG,2023-09-18,
769,Sandygast,,female,normal,alola,Alola,Water Compaction,Bold,Matt,130269,1,ENG,2023-09-20,
770,Palossand,,male,normal,alola,Alola,Water Compaction,Docile,Matt,130269,42,ENG,2023-09-11,
771,Pyukumuku,,male,normal,alola,Alola,Innards Out,Sassy,Matt,130269,1,ENG,2023-09-11,
772,Type: Null,,,normal,alola,Alola,Battle Armor,Careful,Matt,130269,40,ENG,2021-10-29,
773,Silvally,,,normal,galar,Galar,RKS System,Quirky,Matt,886459,53,ENG,2021-10-28,
774,Minior,red,,normal,alola,Alola,Shields Down,Naive,Matt,130269,25,ENG,2021-12-17,
774,Minior,orange,,normal,alola,Alola,Shields Down,Careful,Matt,130269,26,ENG,2021-12-17,
774,Minior,yellow,,normal,alola,Alola,Shields Down,Bashful,Matt,130269,25,ENG,2021-12-16,
774,Minior,green,,normal,alola,Alola,Shields Down,Mild,Matt,130269,27,ENG,2021-12-20,
774,Minior,red,,normal,alola,Alola,Shields Down,Naive,Matt,130269,25,ENG,2021-12-17,
774,Minior,blue,,normal,alola,Alola,Shields Down,Naughty,Matt,130269,26,ENG,2021-12-17,
774,Minior,indigo,,normal,alola,Alola,Shields Down,Rash,Matt,130269,27,ENG,2021-12-12,
774,Minior,violet,,normal,alola,Alola,Shields Down,Serious,Matt,130269,25,ENG,2021-12-17,
775,Komala,,female,normal,alola,Alola,Comatose,Rash,Matt,130269,27,ENG,2023-09-18,
776,Turtonator,,male,normal,alola,Alola,Shell Armor,Jolly,Matt,130269,1,ENG,2023-09-21,
777,Togedemaru,,female,normal,alola,Alola,Iron Barbs,Hardy,Matt,130269,29,ENG,2023-09-10,
778,Mimikyu,,female,normal,alola,Alola,Disguise,Lax,Matt,130269,32,ENG,2023-09-11,
779,Bruxish,,female,normal,alola,Alola,Strong Jaw,Mild,Matt,130269,25,ENG,2023-09-18,
780,Drampa,,male,normal,alola,Alola,Berserk,Hasty,Matt,130269,45,ENG,2023-09-18,
781,Dhelmise,,,normal,alola,Alola,Steelworker,Naughty,Matt,130269,43,ENG,2023-09-19,
782,Jangmo-o,,female,normal,alola,Alola,Soundproof,Quiet,Matt,130269,1,ENG,2023-09-20,
783,Hakamo-o,,male,normal,alola,Alola,Soundproof,Lax,Matt,130269,35,ENG,2023-09-20,
784,Kommo-o,,female,normal,alola,Alola,Soundproof,Modest,Matt,130269,46,ENG,2023-09-20,
785,Tapu Koko,,,master,alola,Alola,Electric Surge,Lax,Matt,130269,60,ENG,2021-10-27,
786,Tapu Lele,,,timer,alola,Alola,Psychic Surge,Bashful,Matt,130269,60,ENG,2021-10-31,
787,Tapu Bulu,,,ultra,alola,Alola,Grassy Surge,Brave,Matt,130269,60,ENG,2021-10-31,
788,Tapu Fini,,,dusk,alola,Alola,Misty Surge,Lonely,Matt,130269,60,ENG,2021-10-31,
789,Cosmog,,,normal,alola,Alola,Unaware,Bold,Anna,847936,5,ENG,2021-10-23,
790,Cosmoem,,,normal,alola,Alola,Sturdy,Calm,Matt,130269,43,ENG,2021-10-29,
791,Solgaleo,,,ultra,alola,Alola,Full Metal Body,Relaxed,Anna,847936,58,ENG,2017-06-20,
792,Lunala,,,quick,alola,Alola,Shadow Shield,Careful,Matt,130269,59,ENG,2021-10-15,
793,Nihilego,,,beast,alola,Alola,Beast Boost,Docile,Matt,130269,55,ENG,2021-10-31,
794,Buzzwole,,,normal,galar,Galar,Beast Boost,Quiet,Matt,886459,70,ENG,2021-12-01,
795,Pheromosa,,,beast,alola,Alola,Beast Boost,Docile,Matt,130269,60,ENG,2021-10-31,
796,Xurkitree,,,beast,alola,Alola,Beast Boost,Sassy,Matt,130269,65,ENG,2021-11-01,
797,Celesteela,,,beast,alola,Alola,Beast Boost,Careful,Matt,130269,65,ENG,2021-11-01,
798,Kartana,,,premier,galar,Galar,Beast Boost,Hardy,Matt,886459,70,ENG,2021-12-06,
799,Guzzlord,,,beast,alola,Alola,Beast Boost,Docile,Matt,130269,70,ENG,2021-11-01,
800,Necrozma,,,timer,alola,Alola,Prism Armor,Naughty,Matt,130269,75,ENG,2021-11-01,
801,Magearna,,,cherish,alola,Alola,Soul-Heart,Calm,Matt,130269,50,ENG,2021-11-02,
801,Magearna,original,,cherish,galar,Galar,Soul-Heart,Mild,Matt,214685,50,ENG,2021-12-06,
802,Marshadow,,,cherish,galar,Galar,Technician,Bashful,[Japanese],201120,60,JPN,2021-05-30,
803,Poipole,,,normal,alola,Alola,Beast Boost,Timid,Anne,412132,40,FRE,2020-05-25,
804,Naganadel,,,beast,galar,Galar,Beast Boost,Rash,Matt,886459,22,ENG,2021-12-06,
805,Stakataka,,,normal,galar,Galar,Beast Boost,Quiet,Matt,886459,70,ENG,2021-12-01,
806,Blacephalon,,,premier,galar,Galar,Beast Boost,Brave,Matt,886459,70,ENG,2021-11-28,
807,Zeraora,,,cherish,alola,Alola,Volt Absorb,Jolly,Fula City,100118,50,ENG,2018-11-11,
808,Meltan,,,normal,pogo,Pokémon GO,Magnet Pull,Naive,Matt,214685,2,ENG,2021-09-18,
809,Melmetal,,,great,pogo,Pokémon GO,Iron Fist,Hardy,Matt,214685,2,ENG,2021-09-18,
810,Grookey,,male,normal,galar,Galar,Grassy Surge,Hardy,Matt,886459,1,ENG,2021-10-09,
811,Thwackey,,male,normal,galar,Galar,Grassy Surge,Mild,Matt,886459,19,ENG,2021-10-09,
812,Rillaboom,,male,normal,galar,Galar,Overgrow,Quirky,Matt,886459,35,ENG,2021-10-09,
813,Scorbunny,,male,normal,galar,Galar,Blaze,Naughty,Matt,886459,1,ENG,2021-10-09,
814,Raboot,,male,normal,galar,Galar,Blaze,Brave,Matt,886459,19,ENG,2021-10-09,
815,Cinderace,,male,normal,galar,Galar,Libero,Naughty,Matt,886459,35,ENG,2021-10-09,
816,Sobble,,male,normal,galar,Galar,Torrent,Adamant,Matt,886459,1,ENG,2021-10-09,
817,Drizzile,,male,normal,galar,Galar,Torrent,Lonely,Matt,886459,20,ENG,2021-10-09,
818,Inteleon,,male,normal,galar,Galar,Sniper,Rash,Matt,886459,35,ENG,2021-10-09,
819,Skwovet,,female,normal,galar,Galar,Cheek Pouch,Rash,Matt,886459,7,ENG,2021-10-09,
820,Greedent,,male,normal,galar,Galar,Cheek Pouch,Calm,Matt,886459,24,ENG,2021-10-09,
821,Rookidee,,female,normal,galar,Galar,Unnerve,Adamant,Matt,886459,5,ENG,2021-10-09,
822,Corvisquire,,male,normal,galar,Galar,Keen Eye,Docile,Matt,886459,18,ENG,2021-10-09,
823,Corviknight,,male,normal,galar,Galar,Pressure,Mild,Matt,886459,38,ENG,2021-10-09,
824,Blipbug,,female,normal,galar,Galar,Swarm,Calm,Matt,886459,3,ENG,2021-10-10,
825,Dottler,,male,normal,galar,Galar,Swarm,Quirky,Matt,886459,15,ENG,2021-10-10,
826,Orbeetle,,female,normal,galar,Galar,Swarm,Bashful,Matt,886459,32,ENG,2021-10-10,
827,Nickit,,female,normal,galar,Galar,Run Away,Careful,Matt,886459,44,ENG,2021-09-20,
828,Thievul,,female,normal,galar,Galar,Run Away,Timid,Matt,886459,21,ENG,2020-03-14,
829,Gossifleur,,male,normal,galar,Galar,Cotton Down,Mild,Matt,886459,10,ENG,2020-03-15,
830,Eldegoss,,female,normal,galar,Galar,Cotton Down,Relaxed,Matt,886459,30,ENG,2021-10-11,
831,Wooloo,,male,normal,galar,Galar,Fluffy,Timid,Matt,886459,3,ENG,2021-11-05,
832,Dubwool,,female,normal,galar,Galar,Steadfast,Adamant,Matt,886459,24,ENG,2021-10-10,
833,Chewtle,,female,normal,galar,Galar,Strong Jaw,Relaxed,Matt,886459,6,ENG,2021-10-10,
834,Drednaw,,female,normal,galar,Galar,Strong Jaw,Timid,Matt,886459,41,ENG,2020-03-20,
835,Yamper,,female,normal,galar,Galar,Ball Fetch,Careful,Matt,886459,7,ENG,2021-10-10,
836,Boltund,,male,normal,galar,Galar,Strong Jaw,Hasty,Matt,886459,29,ENG,2020-03-14,
837,Rolycoly,,female,normal,galar,Galar,Heatproof,Gentle,Matt,886459,14,ENG,2021-10-11,
838,Carkol,,female,normal,galar,Galar,Steam Engine,Docile,Matt,886459,18,ENG,2023-09-29,
839,Coalossal,,female,normal,galar,Galar,Steam Engine,Hardy,Matt,886459,34,ENG,2023-09-29,
840,Applin,,female,normal,galar,Galar,Ripen,Mild,Matt,886459,15,ENG,2021-10-03,
841,Flapple,,female,normal,galar,Galar,Ripen,Rash,Matt,886459,1,ENG,2023-10-01,
842,Appletun,,male,normal,galar,Galar,Ripen,Brave,Matt,886459,17,ENG,2021-10-12,
843,Silicobra,,male,normal,galar,Galar,Shed Skin,Lonely,Matt,886459,30,ENG,2021-10-11,
844,Sandaconda,,female,normal,galar,Galar,Sand Spit,Hasty,Matt,886459,37,ENG,2021-10-09,
845,Cramorant,,female,normal,galar,Galar,Gulp Missile,Hasty,Matt,886459,60,ENG,2023-09-27,
846,Arrokuda,,male,normal,galar,Galar,Swift Swim,Hasty,Matt,886459,1,ENG,2023-09-30,
847,Barraskewda,,female,normal,galar,Galar,Swift Swim,Careful,Matt,886459,61,ENG,2023-09-27,
848,Toxel,,male,normal,galar,Galar,Static,Docile,Matt,886459,1,ENG,2023-09-30,
849,Toxtricity,amped,female,normal,galar,Galar,Plus,Brave,Matt,886459,33,ENG,2023-09-29,
849,Toxtricity,low-key,female,normal,galar,Galar,Minus,Bold,Matt,886459,41,ENG,2023-09-29,
850,Sizzlipede,,female,normal,galar,Galar,Flash Fire,Docile,Matt,886459,1,ENG,2021-10-11,
851,Centiskorch,,female,normal,galar,Galar,Flash Fire,Gentle,Matt,886459,28,ENG,2021-09-07,
852,Clobbopus,,female,normal,galar,Galar,Limber,Serious,Matt,886459,41,ENG,2021-09-27,
853,Grapploct,,male,normal,galar,Galar,Limber,Careful,Matt,886459,50,ENG,2023-09-27,
854,Sinestea,phony,,normal,galar,Galar,Weak Armor,Quiet,Matt,886459,1,ENG,2023-09-30,
854,Sinestea,antique,,normal,galar,Galar,Weak Armor,Quiet,Matt,886459,35,ENG,2022-02-15,
855,Polteageist,phony,,normal,galar,Galar,Weak Armor,Jolly,Matt,886459,1,ENG,2023-09-30,
855,Polteageist,antique,,normal,galar,Galar,Weak Armor,Quiet,Matt,886459,35,ENG,2022-02-24,
856,Hatenna,,female,normal,galar,Galar,Healer,Adamant,Matt,886459,1,ENG,2023-09-29,
857,Hattrem,,female,normal,galar,Galar,Healer,Bold,Matt,886459,34,ENG,2023-09-27,
858,Hatterene,,female,normal,galar,Galar,Anticipation,Brave,Matt,886459,43,ENG,2023-09-29,
859,Impidimp,,male,normal,galar,Galar,Frisk,Gentle,Matt,886459,31,ENG,2023-09-27,
860,Morgrem,,male,normal,galar,Galar,Frisk,Lonely,Matt,886459,36,ENG,2021-10-04,
861,Grimmsnarl,,male,normal,galar,Galar,Frisk,Mild,Matt,886459,42,ENG,2021-10-12,
862,Obstagoon,,female,normal,galar,Galar,Guts,Quirky,Matt,886459,57,ENG,2021-09-07,
863,Perrserker,,female,normal,galar,Galar,Battle Armor,Hardy,Matt,886459,39,ENG,2023-09-28,
864,Cursola,,male,normal,galar,Galar,Weak Armor,Relaxed,Matt,886459,39,ENG,2023-09-30,
865,Sirfetch'd,,female,normal,galar,Galar,Steadfast,Calm,Matt,886459,18,ENG,2021-10-13,
866,Mr. Rime,,male,normal,galar,Galar,Screen Cleaner,Mild,Matt,886459,49,ENG,2023-09-28,
867,Runerigus,,male,normal,galar,Galar,Wandering Spirit,Careful,Matt,886459,20,ENG,2023-09-30,
868,Milcery,,female,normal,galar,Galar,Sweet Veil,Jolly,Matt,886459,1,ENG,2023-09-30,
869,Alcremie,vanilla-cream-strawberry,female,normal,galar,Galar,Sweet Veil,Lax,Matt,886459,1,ENG,2023-09-30,
870,Falinks,,,normal,galar,Galar,Battle Armor,Lax,Matt,886459,40,ENG,2021-09-14,
871,Pincurchin,,female,normal,galar,Galar,Lightning Rod,Timid,Matt,886459,18,ENG,2021-09-27,
872,Snom,,female,normal,galar,Galar,Shield Dust,Jolly,Matt,886459,40,ENG,2023-09-28,
873,Frosmoth,,female,normal,galar,Galar,Shield Dust,Lonely,Matt,886459,65,ENG,2023-10-01,
874,Stonjourner,,female,normal,galar,Galar,Power Spot,Naive,Matt,886459,1,ENG,2023-09-30,
875,Eiscue,,male,normal,galar,Galar,Ice Face,Modest,Matt,886459,62,ENG,2021-12-04,
876,Indeedee,,female,normal,galar,Galar,Synchronize,Quirky,Matt,886459,34,ENG,2023-09-30,
876,Indeedee,,male,normal,galar,Galar,Synchronize,Mild,Matt,886459,1,ENG,2023-09-30,
877,Morpeko,,female,normal,galar,Galar,Hunger Switch,Hasty,Matt,886459,41,ENG,2023-09-28,
878,Curfant,,male,normal,galar,Galar,Sheer Force,Quirky,Matt,886459,1,ENG,2023-09-30,
879,Copperajah,,male,normal,galar,Galar,Sheer Force,Brave,Matt,886459,67,ENG,2023-09-30,
880,Dracozolt,,,normal,galar,Galar,Hustle,Quirky,Matt,886459,10,ENG,2021-10-28,
881,Arctozolt,,,normal,galar,Galar,Volt Absorb,Bashful,Matt,886459,10,ENG,2021-10-28,
882,Dracovish,,,normal,galar,Galar,Water Absorb,Adamant,Matt,886459,10,ENG,2021-09-11,
883,Arctovish,,,normal,galar,Galar,Water Absorb,Mild,Matt,886459,10,ENG,2021-10-13,
884,Duraludon,,female,normal,galar,Galar,Heavy Metal,Naughty,Matt,886459,1,ENG,2021-10-13,
885,Dreepy,,female,normal,galar,Galar,Infiltrator,Lax,Matt,886459,1,ENG,2023-09-30,
886,Drakloak,,male,normal,galar,Galar,Clear Body,Naive,Matt,886459,50,ENG,2023-09-30,
887,Dragapult,,male,normal,galar,Galar,Infiltrator,Rash,Matt,886459,68,ENG,2023-09-30,
888,Zacian,,,master,galar,Galar,Intrepid Sword,Quiet,Aidim,016320,70,ENG,2021-10-19,
889,Zamazenta,,,master,galar,Galar,Dauntless Shield,Adamant,Matt,886459,70,ENG,2021-11-06,
890,Eternatus,,,great,galar,Galar,Pressure,Serious,Matt,886459,60,ENG,2021-10-20,
891,Kubfu,,male,normal,galar,Galar,Inner Focus,Sassy,Matt,662663,10,ENG,2021-11-11,
892,Urshifu,single-strike,male,normal,galar,Galar,Unseen Fist,Timid,Matt,886459,49,ENG,2021-09-25,
892,Urshifu,rapid-strike,male,normal,galar,Galar,Unseen Fist,Bold,Matt,347544,79,ENG,2022-02-23,
893,Zarude,,,ultra,pogo,Pokémon GO,Leaf Guard,Mild,Matt,214685,15,ENG,2021-12-18,
893,Zarude,dada,,cherish,galar,Galar,Leaf Guard,Adamant,Jungle,211006,70,ENG,2021-10-07,
894,Regieleki,,,premier,galar,Galar,Transistor,Naughty,Matt,998335,70,ENG,2021-11-27,
895,Regidrago,,,dusk,galar,Galar,Dragon's Maw,Hasty,Matt,886459,70,ENG,2021-11-07,
896,Glastrier,,,master,galar,Galar,Chilling Neigh,Naughty,Matt,998335,75,ENG,2021-11-26,
897,Spectrier,,,master,galar,Galar,Grim Neigh,Bold,Matt,886459,75,ENG,2021-11-07,
898,Calyrex,,,master,galar,Galar,Unnerve,Calm,Matt,886459,80,ENG,2021-11-07,
899,Wyrdeer,,male,normal-hisui,arceus,Hisui,???,Careful,Matt,938084,34,ENG,2022-03-01,
900,Kleavor,,female,normal-hisui,arceus,Hisui,???,Mild,Matt,938084,54,ENG,2023-03-12,
901,Ursaluna,,female,normal-hisui,arceus,Hisui,???,Gentle,Matt,938084,64,ENG,2023-03-12,
901,Ursaluna,bloodmoon,male,normal,paldea,Paldea,Mind's Eye,Hardy,Matt,456206,70,ENG,2023-09-16,
902,Basculegion,,female,normal-hisui,arceus,Hisui,???,Brave,Matt,938084,64,ENG,2022-04-21,
902,Basculegion,,male,normal-hisui,arceus,Hisui,???,Modest,Matt,938084,43,ENG,2022-04-21,
903,Sneasler,,female,normal-hisui,arceus,Hisui,???,Jolly,Matt,938084,54,ENG,2023-03-12,
904,Overqwil,,male,normal-hisui,arceus,Hisui,???,Bold,Matt,938084,55,ENG,2022-02-28,
905,Enamorus,incarnate,female,gigaton,arceus,Hisui,???,Timid,Matt,938084,70,ENG,2022-05-01,
906,Sprigatito,,male,normal,paldea,Paldea,Overgrow,Bashful,Matt,456206,1,ENG,2023-01-01,
907,Floragato,,female,normal,paldea,Paldea,Overgrow,Careful,Matt,456206,21,ENG,2023-01-01,
908,Meowscarada,,female,normal,paldea,Paldea,Overgrow,Docile,Matt,456206,36,ENG,2023-01-01,
909,Fuecoco,,male,normal,paldea,Paldea,Blaze,Jolly,Matt,456206,13,ENG,2023-01-04,
910,Crocalor,,male,normal,paldea,Paldea,Blaze,Impish,Matt,456206,20,ENG,2023-01-04,
911,Skeledirge,,male,normal,paldea,Paldea,Blaze,Quiet,Matt,456206,36,ENG,2023-01-04,
912,Quaxly,,male,normal,paldea,Paldea,Torrent,Lonely,Matt,456206,1,ENG,2022-12-08,
913,Quaxwell,,male,normal,paldea,Paldea,Torrent,Impish,Matt,456206,17,ENG,2022-12-08,
914,Quaquaval,,male,normal,paldea,Paldea,Torrent,Brave,Matt,456206,38,ENG,2022-12-08,
915,Lechonk,,female,normal,paldea,Paldea,Aroma Veil,Naive,Matt,456206,9,ENG,2022-11-18,
916,Oinkologne,,female,normal,paldea,Paldea,Gluttony,Lonely,Matt,456206,19,ENG,2022-11-20,
916,Oinkologne,,male,normal,paldea,Paldea,Gluttony,Adamant,Matt,456206,21,ENG,2022-11-20,
917,Tarountula,,male,normal,paldea,Paldea,Insomnia,Bashful,Matt,456206,11,ENG,2022-11-18,
918,Spidops,,male,normal,paldea,Paldea,Insomnia,Gentle,Matt,456206,32,ENG,2022-11-25,
919,Nymble,,male,normal,paldea,Paldea,Swarm,Naughty,Matt,456206,15,ENG,2022-11-24,
920,Lokix,,male,normal,paldea,Paldea,Swarm,Mild,Matt,456206,26,ENG,2022-11-23,
921,Pawmi,,male,normal,paldea,Paldea,Natural Cure,Careful,Matt,456206,8,ENG,2022-11-18,
922,Pawmo,,female,normal,paldea,Paldea,Natural Cure,Modest,Matt,456206,36,ENG,2022-11-23,
923,Pawmot,,female,normal,paldea,Paldea,Volt Absorb,Timid,Matt,456206,26,ENG,2023-01-10,
924,Tandemaus,,,normal,paldea,Paldea,Run Away,Modest,Matt,456206,28,ENG,2022-11-26,
925,Maushold,family-of-four,,normal,paldea,Paldea,Cheek Pouch,Bold,Matt,456206,25,ENG,2022-11-20,
925,Maushold,family-of-three,,normal,paldea,Paldea,Friend Guard,Naughty,Matt,456206,45,ENG,2023-02-07,
926,Fidough,,female,normal,paldea,Paldea,Own Tempo,Adamant,Matt,456206,13,ENG,2022-11-18,
927,Dachsbun,,female,normal,paldea,Paldea,Well-Baked Body,Bashful,Matt,456206,26,ENG,2022-11-18,
928,Smoliv,,female,normal,paldea,Paldea,Early Bird,Sassy,Matt,456206,7,ENG,2022-12-12,
929,Dolliv,,male,normal,paldea,Paldea,Early Bird,Serious,Matt,456206,26,ENG,2023-01-21,
930,Arboliva,,male,normal,paldea,Paldea,Seed Sower,Lonely,Matt,456206,35,ENG,2022-11-18,
931,Squawkabilly,green-plumage,female,normal,paldea,Paldea,Guts,Brave,Matt,456206,45,ENG,2022-12-28,
931,Squawkabilly,blue-plumage,male,normal,paldea,Paldea,Intimidate,Naive,Matt,456206,17,ENG,2022-11-26,
931,Squawkabilly,yellow-plumage,female,normal,paldea,Paldea,Intimidate,Careful,Matt,456206,16,ENG,2022-11-20,
931,Squawkabilly,white-plumage,female,normal,paldea,Paldea,Intimidate,Calm,Matt,456206,20,ENG,2022-12-11,
932,Nacli,,female,normal,paldea,Paldea,Sturdy,Lonely,Matt,456206,10,ENG,2022-11-18,
933,Naclstack,,female,normal,paldea,Paldea,Purifying Salt,Docile,Matt,456206,35,ENG,2022-11-30,
934,Garganacl,,male,normal,paldea,Paldea,Sturdy,Docile,Matt,456206,58,ENG,2022-12-12,
935,Charcadet,,male,normal,paldea,Paldea,Flash Fire,Lonely,Matt,456206,26,ENG,2022-11-20,
936,Armarouge,,male,normal,paldea,Paldea,Flash Fire,Sassy,Matt,456206,13,ENG,2023-01-13,
937,Ceruledge,,female,normal,paldea,Paldea,Weak Armor,Quirky,Matt,456206,75,ENG,2022-12-28,
938,Tadbulb,,male,normal,paldea,Paldea,Static,Adamant,Matt,456206,22,ENG,2022-11-21,
939,Bellibolt,,male,normal,paldea,Paldea,Static,Lonely,Matt,456206,37,ENG,2022-11-28,
940,Wattrel,,male,normal,paldea,Paldea,Volt Absorb,Modest,Matt,456206,21,ENG,2022-11-21,
941,Kilowattrel,,female,normal,paldea,Paldea,Volt Absorb,Quirky,Matt,456206,30,ENG,2022-12-09,
942,Maschiff,,male,normal,paldea,Paldea,Intimidate,Lonely,Matt,456206,28,ENG,2023-01-20,
943,Mabosstiff,,male,normal,paldea,Paldea,Stakeout,Bold,Matt,456206,75,ENG,2022-12-09,
944,Shroodle,,female,normal,paldea,Paldea,Pickpocket,Modest,Matt,456206,25,ENG,2022-12-01,
945,Grafaiai,,male,normal,paldea,Paldea,Unburden,Lonely,Matt,456206,32,ENG,2022-11-25,
946,Bramblin,,female,normal,paldea,Paldea,Wind Rider,Docile,Matt,456206,21,ENG,2022-11-23,
947,Brambleghast,,female,normal,paldea,Paldea,Wind Rider,Gentle,Matt,456206,26,ENG,2022-11-23,
948,Toedscool,,female,normal,paldea,Paldea,Mycelium Might,Sassy,Matt,456206,32,ENG,2022-12-03,
949,Toedscruel,,male,normal,paldea,Paldea,Mycelium Might,Bashful,Matt,456206,76,ENG,2022-12-03,
950,Klawf,,male,normal,paldea,Paldea,Anger Shell,Timid,Matt,456206,15,ENG,2022-11-20,
951,Capsakid,,male,normal,paldea,Paldea,Chlorophyll,Mild,Matt,456206,15,ENG,2022-11-24,
952,Scovillain,,male,normal,paldea,Paldea,Chlorophyll,Quiet,Matt,456206,37,ENG,2022-11-24,
953,Rellor,,male,normal,paldea,Paldea,Compound Eyes,Rash,Matt,456206,26,ENG,2022-11-25,
954,Rabsca,,male,normal,paldea,Paldea,Synchronize,Quiet,Matt,456206,30,ENG,2023-01-10,
955,Flittle,,female,normal,paldea,Paldea,Frisk,Naive,Matt,456206,17,ENG,2022-11-24,
956,Espathra,,female,normal,paldea,Paldea,Opportunist,Serious,Matt,456206,38,ENG,2022-11-25,
957,Tinkatink,,female,normal,paldea,Paldea,Own Tempo,Serious,Matt,456206,20,ENG,2022-11-30,
958,Tinkatuff,,female,normal,paldea,Paldea,Own Tempo,Impish,Matt,456206,24,ENG,2022-11-30,
959,Tinkaton,,female,normal,paldea,Paldea,Own Tempo,Modest,Matt,456206,50,ENG,2023-07-26,
960,Wiglett,,male,normal,paldea,Paldea,Rattled,Adamant,Matt,456206,23,ENG,2022-11-23,
961,Wugtrio,,male,normal,paldea,Paldea,Gooey,Relaxed,Matt,456206,26,ENG,2022-11-23,
962,Bombirdier,,male,normal,paldea,Paldea,Big Pecks,Mild,Matt,456206,41,ENG,2022-11-26,
963,Finizen,,male,normal,paldea,Paldea,Water Veil,Rash,Matt,456206,39,ENG,2022-11-26,
964,Palafin,,male,normal,paldea,Paldea,Zero to Hero,Bashful,Matt,456206,42,ENG,2023-01-08,
965,Varoom,,female,normal,paldea,Paldea,Overcoat,Docile,Matt,456206,27,ENG,2022-11-23,
966,Revavroom,,female,normal,paldea,Paldea,Overcoat,Rash,Matt,456206,55,ENG,2022-12-11,
967,Cyclizar,,male,normal,paldea,Paldea,Shed Skin,Quirky,Matt,456206,19,ENG,2022-11-20,
968,Orthworm,,male,normal,paldea,Paldea,Earth Eater,Modest,Matt,456206,24,ENG,2022-11-23,
969,Glimmet,,female,normal,paldea,Paldea,Toxic Debris,Naive,Matt,456206,59,ENG,2022-12-07,
970,Glimmora,,male,normal,paldea,Paldea,Toxic Debris,Modest,Matt,456206,58,ENG,2022-12-07,
971,Greavard,,female,normal,paldea,Paldea,Pickup,Gentle,Matt,456206,34,ENG,2022-11-23,
972,Houndstone,,female,normal,paldea,Paldea,Sand Rush,Naughty,Matt,456206,55,ENG,2022-12-02,
973,Flamigo,,female,normal,paldea,Paldea,Scrappy,Sassy,Matt,456206,42,ENG,2022-11-27,
974,Cetoddle,,female,normal,paldea,Paldea,Thick Fat,Quirky,Matt,456206,43,ENG,2022-11-24,
975,Ceitan,,female,normal,paldea,Paldea,Slush Rush,Modest,Matt,456206,45,ENG,2022-11-27,
976,Veluza,,male,normal,paldea,Paldea,Mold Breaker,Naive,Matt,456206,53,ENG,2022-12-03,
977,Dondozo,,male,normal,paldea,Paldea,Oblivious,Careful,Matt,456206,51,ENG,2022-12-03,
978,Tatsugiri,curly,male,normal,paldea,Paldea,Commander,Naive,Matt,456206,52,ENG,2022-12-03,
978,Tatsugiri,droopy,male,normal,paldea,Paldea,Commander,Lonely,Matt,456206,53,ENG,2022-12-03,
978,Tatsugiri,stretchy,female,normal,paldea,Paldea,Commander,Hardy,Matt,456206,50,ENG,2022-12-03,
979,Annihilape,,male,normal,paldea,Paldea,Inner Focus,Gentle,Matt,456206,38,ENG,2022-12-03,
980,Clodsire,,female,normal,paldea,Paldea,Water Absorb,Brave,Matt,456206,44,ENG,2022-11-27,
981,Farigiraf,,female,normal,paldea,Paldea,Cud Chew,Mild,Matt,456206,56,ENG,2022-12-06,
982,Dudunsparce,two-segment,male,normal,paldea,Paldea,Run Away,Lax,Matt,456206,57,ENG,2022-12-07,
982,Dudunsparce,three-segment,male,normal,paldea,Paldea,Serene Grace,Bold,Matt,456206,14,ENG,2023-02-01,
983,Kingambit,,male,normal,paldea,Paldea,Defiant,Sassy,Matt,456206,58,ENG,2022-12-12,
984,Great Tusk,,,normal,paldea,Paldea,Protosynthesis,Hardy,Matt,456206,59,ENG,2022-12-08,
985,Scream Tail,,,normal,paldea,Paldea,Protosynthesis,Docile,Matt,456206,57,ENG,2022-12-08,
986,Brute Bonnet,,,normal,paldea,Paldea,Protosynthesis,Impish,Matt,456206,58,ENG,2022-12-08,
987,Flutter Mane,,,normal,paldea,Paldea,Protosynthesis,Relaxed,Matt,456206,58,ENG,2022-12-08,
988,Slither Wing,,,normal,paldea,Paldea,Protosynthesis,Impish,Matt,456206,53,ENG,2022-12-12,
989,Sandy Shocks,,,normal,paldea,Paldea,Protosynthesis,Gentle,Matt,456206,55,ENG,2022-12-12,
990,Iron Treads,,,normal,paldea,Paldea,Quark Drive,Lonely,Matt,456206,59,ENG,2023-01-08,
991,Iron Bundle,,,normal,paldea,Paldea,Quark Drive,Naughty,Matt,456206,60,ENG,2023-01-08,
992,Iron Hands,,,normal,paldea,Paldea,Quark Drive,Lonely,Matt,456206,56,ENG,2023-01-08,
993,Iron Jugulis,,,normal,paldea,Paldea,Quark Drive,Naive,Matt,456206,58,ENG,2023-01-08,
994,Iron Moth,,,normal,paldea,Paldea,Quark Drive,Bashful,Matt,456206,53,ENG,2023-01-08,
995,Iron Thorns,,,normal,paldea,Paldea,Quark Drive,Adamant,Matt,456206,54,ENG,2023-01-08,
996,Frigibax,,female,normal,paldea,Paldea,Thermal Exchange,Modest,Matt,456206,36,ENG,2022-12-03,
997,Arctibax,,female,normal,paldea,Paldea,Thermal Exchange,Brave,Matt,456206,36,ENG,2023-02-07,
998,Baxcalibur,,male,normal,paldea,Paldea,Thermal Exchange,Hasty,Matt,456206,55,ENG,2023-02-07,
999,Gimmighoul,chest,,normal,paldea,Paldea,Rattled,Relaxed,Matt,456206,10,ENG,2022-11-20,
999,Gimmighoul,roaming,,normal,pogo,Pokémon GO,Run Away,Docile,Matt,214685,7,ENG,2023-03-04,
1000,Gholdengo,,,normal,paldea,Paldea,Good as Gold,Careful,Matt,456206,51,ENG,2022-12-03,
1001,Wo-Chien,,,normal,paldea,Paldea,Tablets of Ruin,Bold,Matt,456206,60,ENG,2023-01-15,
1002,Chien-Pao,,,normal,paldea,Paldea,Sword of Ruin,Hasty,Matt,456206,60,ENG,2023-01-16,
1003,Ting-Lu,,,normal,paldea,Paldea,Vessel of Ruin,Brave,Matt,456206,60,ENG,2023-01-16,
1004,Chi-Yu,,,normal,paldea,Paldea,Beads of Ruin,Impish,Matt,456206,60,ENG,2023-01-15,
1005,Roaring Moon,,,normal,paldea,Paldea,Protosynthesis,Quirky,Matt,456206,55,ENG,2022-12-13,
1006,Iron Valiant,,,normal,paldea,Paldea,Quark Drive,Serious,Matt,456206,59,ENG,2023-01-08,
1007,Koraidon,,,normal,paldea,Paldea,Orichalcum Pulse,Adamant,Matt,456206,72,ENG,2023-02-28,
1008,Miraidon,,,normal,paldea,Paldea,Hadron Engine,Modest,Matt,430536,72,ENG,2023-01-16,
1009,Walking Wake,,,normal,paldea,Paldea,Protosynthesis,Timid,Matt,456206,75,ENG,2023-02-28,
1010,Iron Leaves,,,normal,paldea,Paldea,Quark Drive,Rash,Matt,456206,75,ENG,2023-03-02,
1011,Dipplin,,male,normal,paldea,Paldea,Supersweet Syrup,Careful,Matt,456206,55,ENG,2023-09-12,
1012,Poltchageist,counterfeit,,normal,paldea,Paldea,Hospitality,Hardy,Matt,456206,57,ENG,2023-09-14,
1012,Poltchageist,artisan,,normal,paldea,Paldea,Hospitality,Mild,Matt,456206,57,ENG,2023-09-14,
1013,Sinestcha,unremarkable,,normal,paldea,Paldea,Hospitality,Docile,Matt,456206,59,ENG,2023-09-14,
1013,Sinestcha,masterpiece,,normal,paldea,Paldea,Hospitality,Gentle,Matt,456206,57,ENG,2023-09-14,
1014,Okidogi,,male,normal,paldea,Paldea,Toxic Chain,Gentle,Matt,456206,70,ENG,2023-09-15,
1015,Munkidori,,male,normal,paldea,Paldea,Toxic Chain,Quirky,Matt,456206,70,ENG,2023-09-15,
1016,Fezandipiti,,male,normal,paldea,Paldea,Toxic Chain,Mild,Matt,456206,70,ENG,2023-09-15,
1017,Ogerpon,,female,normal,paldea,Paldea,Defiant,Lonely,Matt,456206,70,ENG,2023-09-15,
